gene,baseMean,log2FoldChange,lfcSE,stat,pvalue,padj
Montipora_capitata_HIv3___RNAseq.g4581.t1,284.20381149787437,0.7968662303195272,0.2867991360122149,159.32685961799723,1.837962840010804e-28,7.772575358737644e-28
Montipora_capitata_HIv3___RNAseq.g4629.t1,545.8463420807267,-0.5169735718177304,0.4383763165221064,22.622490182641286,0.019970708058415363,0.02271426531323021
Montipora_capitata_HIv3___RNAseq.g4842.t1,609.0110116514952,-0.5196579861206867,0.22163221116836102,28.213696249683608,0.003002004082184278,0.003561643742275879
Montipora_capitata_HIv3___RNAseq.g4919.t1,977.553821142534,0.5809897857844701,0.3338406445022291,97.17975602289596,6.44959931033536e-16,1.4345754778337956e-15
Montipora_capitata_HIv3___TS.g26676.t2,15555.923604984786,0.5323736374979748,0.26893289835554857,156.11040841107433,8.383869608515263e-28,3.409440307462873e-27
Montipora_capitata_HIv3___RNAseq.g5133.t3,12959.276912200592,0.7397366628445146,0.3134530134336174,171.655726063854,5.38274998905335e-31,2.5993175077833432e-30
Montipora_capitata_HIv3___RNAseq.g5744.t1,4171.761424616315,1.2025446208655115,0.3497078304289955,278.63291340677233,2.7475104338504524e-53,4.5089853972784325e-52
Montipora_capitata_HIv3___TS.g27679.t3,6419.596530511778,0.942951805372464,0.3639181931523967,109.31915954271562,2.505275858048619e-18,6.3401619170811636e-18
Montipora_capitata_HIv3___TS.g27722.t1,1307.272150944174,-0.5049281160441136,0.206052123791497,170.7934315847017,8.100751139487025e-31,3.877087851067587e-30
Montipora_capitata_HIv3___TS.g27931.t1,971.3108682812903,0.6561243358014796,0.3518829099486717,93.7357390656066,3.0791315636660714e-15,6.616704782540651e-15
Montipora_capitata_HIv3___RNAseq.g6185.t1,1705.497970941874,0.5470572760345535,0.24121935925418647,264.0609606468345,3.155077749885492e-50,4.340581432076508e-49
Montipora_capitata_HIv3___RNAseq.g6387.t1,4984.281847759754,0.5292644096875021,0.2290633841318682,281.06132566400845,8.481096403525723e-54,1.4280929516978472e-52
Montipora_capitata_HIv3___RNAseq.g6644.t1,1212.8828957272306,0.5419853652490145,0.2016118897112898,115.35254931515328,1.5550988863441557e-19,4.1671236631169957e-19
Montipora_capitata_HIv3___RNAseq.g6701.t1b,2422.8473283722847,0.9811848004908805,0.30370997728648924,324.5784368576583,5.731516748097347e-63,1.8078042582047536e-61
Montipora_capitata_HIv3___RNAseq.g6714.t1,13080.020185872472,0.8815418322128012,0.3550600719696995,165.84412083560346,8.442824225570038e-30,3.8229202690851447e-29
Montipora_capitata_HIv3___RNAseq.g6715.t1,2345.1208020499653,0.5387061387051822,0.2427004828295586,254.1067311335754,3.855124589745167e-48,4.703251999489103e-47
Montipora_capitata_HIv3___RNAseq.g6858.t1,2812.2799258671325,1.2551403786834243,0.5439174608427535,106.06125540875632,1.1176901911520714e-17,2.7395696648935912e-17
Montipora_capitata_HIv3___RNAseq.g6859.t1,7388.9177102444555,1.0089772893585467,0.4919103772701398,98.17115488874629,4.1083068578598865e-16,9.22051792534607e-16
Montipora_capitata_HIv3___RNAseq.g6860.t1,4469.202811638651,0.7049179978073883,0.36424339714733744,126.00650568796914,1.116718621650841e-21,3.336738728093502e-21
Montipora_capitata_HIv3___RNAseq.g6921.t1,1016.6330061476546,0.7403084995736838,0.2775124783174362,211.18109638943508,3.538267293192659e-39,2.544876119886956e-38
Montipora_capitata_HIv3___RNAseq.g6961.t1,1606.9458635868364,0.6393078767081791,0.2274525242087037,407.08103440093976,1.919593431321075e-80,2.955259792124303e-78
Montipora_capitata_HIv3___RNAseq.2757_t,989.1826632078021,0.8794151267919982,0.667433247669531,42.635810830933906,1.2565827604139983e-5,1.6836021816902017e-5
Montipora_capitata_HIv3___TS.g28917.t1,888.9781351455198,0.6073798777437394,0.22051017744153484,281.5120790781094,6.818380368356855e-54,1.15715610135946e-52
Montipora_capitata_HIv3___RNAseq.g7321.t1,1268.8289412826562,0.5917138720817623,0.2816146578230523,271.26897493876913,9.68368562583328e-52,1.462960543379392e-50
Montipora_capitata_HIv3___RNAseq.g7326.t1,12421.835675893426,0.8080226678682242,0.32166914662177115,157.85176962923765,3.687287077267127e-28,1.52345036687599e-27
Montipora_capitata_HIv3___RNAseq.g7415.t1,3966.77545145049,0.5505104155521563,0.40909532049219655,117.24736060040505,6.480006791911147e-20,1.774660055760164e-19
Montipora_capitata_HIv3___TS.g29264.t2,2553.5172071343563,1.19896934360171,0.34362736431142143,326.44041079078863,2.3176959091499944e-63,7.530764697770785e-62
Montipora_capitata_HIv3___RNAseq.g8688.t1,7030.250480296728,0.7772452996636077,0.32236322121798466,215.72365741001045,4.014019828082698e-40,3.042749379646275e-39
Montipora_capitata_HIv3___TS.g41591.t1,936.218194729102,0.5882443409705213,0.30687198725709536,265.14595911461095,1.8679170742500248e-50,2.619946160976282e-49
Montipora_capitata_HIv3___RNAseq.g8851.t1,1742.0611505121562,0.5349747998689273,0.28945342197459967,297.65552553070063,2.731407362894428e-57,5.734181820933562e-56
Montipora_capitata_HIv3___RNAseq.g9055.t1,2951.2304192551255,0.7320166026185077,0.29346735733012963,242.7072168078829,9.385292490471123e-46,1.0014076112770013e-44
Montipora_capitata_HIv3___RNAseq.g9128.t1,560.9295857144776,0.905102511090922,0.38920656774839396,172.63651614392893,3.380881135540497e-31,1.6558148758452192e-30
Montipora_capitata_HIv3___RNAseq.g9225.t1,657.2678770894444,0.523142145723885,0.4472571559875221,56.15793639782953,4.753098424973937e-8,7.219528873826986e-8
Montipora_capitata_HIv3___RNAseq.g9267.t2a,1026.036936817406,1.17494168821102,0.3233160810206479,386.8762929141442,3.729335875518222e-76,3.54615967222071e-74
Montipora_capitata_HIv3___TS.g42175.t1,875.4069156694211,0.785627970228968,0.2652668546577827,398.0303360312844,1.602593359411999e-78,2.0318369925407816e-76
Montipora_capitata_HIv3___RNAseq.g9408.t1,747.3220488637683,0.6886264701120202,0.2440658649564319,276.8561027128251,6.49169516770298e-53,1.0520125552473051e-51
Montipora_capitata_HIv3___RNAseq.g9447.t1,2178.924932177195,0.5710723376257117,0.216062061809152,398.99559606479306,9.998374773704464e-79,1.2929898257354612e-76
Montipora_capitata_HIv3___RNAseq.g9617.t1,1677.3252327720415,0.5812561059178006,0.3436141430446237,99.617167221753,2.1263497897060607e-16,4.853151337888947e-16
Montipora_capitata_HIv3___TS.g42658.t1,502.1479168981501,-0.5086140532900119,0.2801811323692072,69.17906888207915,1.74933573534034e-10,3.0211551454889526e-10
Montipora_capitata_HIv3___RNAseq.g9856.t1,1954.1846840537034,0.9118659606659842,0.3138709021364091,447.0008686364067,6.261575204763735e-89,2.249296959666795e-86
Montipora_capitata_HIv3___RNAseq.g10443.t1,1022.9791072841432,0.640146592984996,0.27804868984669423,344.4086939636386,3.69296523200464e-67,1.7333750452604265e-65
Montipora_capitata_HIv3___RNAseq.g10447.t2,13913.834900727601,0.8613688898822768,0.2560538120182649,322.53009883014647,1.5515501165896034e-62,4.7322278555982906e-61
Montipora_capitata_HIv3___RNAseq.g10779.t1,1801.824932670518,1.4131122768748907,0.45190313743291727,218.09618027737235,1.28696687883628e-40,9.930224151020748e-40
Montipora_capitata_HIv3___TS.g43945.t2,772.6656518301289,0.5207152915975746,0.3375377829756598,204.21500420536302,9.92091137484587e-38,6.6891150104018136e-37
Montipora_capitata_HIv3___RNAseq.g11403.t1,6077.601281486981,0.6196676378035403,0.27185761109544143,299.86024655050096,9.374788524001585e-58,2.0205794198731418e-56
Montipora_capitata_HIv3___RNAseq.g11408.t1,6587.044492661158,0.7991473323906967,0.2975292120191002,292.059603582273,4.1180373952817305e-56,8.068857514512627e-55
Montipora_capitata_HIv3___RNAseq.g11578.t1,1447.6060663983912,0.5320784059392522,0.3707905462995168,64.32705831425176,1.4418997475802588e-9,2.3699348672735013e-9
Montipora_capitata_HIv3___RNAseq.g11582.t2,9656.723950083928,0.5481130137912447,0.4009365434216678,96.04126614645247,1.0819898998995692e-15,2.3764085233527904e-15
Montipora_capitata_HIv3___RNAseq.g11637.t1,21982.614733004295,0.5031920571278652,0.328190400979371,103.15432910222671,4.229882632934607e-17,1.0003811669552001e-16
Montipora_capitata_HIv3___RNAseq.g11689.t1,766.1473386408124,0.7516711023671695,0.2699102234860369,220.93056993607115,3.3043589972974424e-41,2.6443051084808496e-40
Montipora_capitata_HIv3___RNAseq.g11690.t1,8010.2762914215355,0.5307813438012934,0.1883833163827849,239.51372466000475,4.3675682283946445e-45,4.447353726740122e-44
Montipora_capitata_HIv3___RNAseq.g11779.t1,461.4282833057659,-0.5041012270899897,0.29054705079292686,66.55432414169024,5.490678255857932e-10,9.216699273722063e-10
Montipora_capitata_HIv3___RNAseq.g373.t1,1874.066740746326,0.5362795215918492,0.22142303325104762,241.01432164467224,2.1207598614483822e-45,2.2117473006653614e-44
Montipora_capitata_HIv3___RNAseq.g536.t1,387.4103180310586,0.5908381282814428,0.23596968937844348,302.5921420218219,2.4908218535393888e-58,5.592241008675586e-57
Montipora_capitata_HIv3___RNAseq.g727.t1c,7658.384889492187,0.6920255170780201,0.3149140335910404,145.9722563464536,9.896590093817031e-26,3.6214686783599844e-25
Montipora_capitata_HIv3___RNAseq.g830.t1,1195.6774281819776,1.0670446108168627,0.3692937478307214,312.07225590288647,2.49834345021189e-60,6.620610143061509e-59
Montipora_capitata_HIv3___RNAseq.g873.t1,3956.090846966994,0.7208498441219343,0.2592719253390679,293.3418674845892,2.2118325507897375e-56,4.387027384480504e-55
Montipora_capitata_HIv3___TS.g38691.t1,19135.483587922117,0.6928454772427595,0.24656205579893953,260.3628430539047,1.882335221404656e-49,2.4738169800005097e-48
Montipora_capitata_HIv3___RNAseq.g1190.t1,2405.361955759779,1.282501190350567,0.30865914366111574,343.2274480878327,6.564546079852695e-67,2.92733482429845e-65
Montipora_capitata_HIv3___RNAseq.g1194.t1,1209.7334651695046,0.7950285089758972,0.3592757915673095,127.9202741249984,4.585121648315834e-22,1.388636842061367e-21
Montipora_capitata_HIv3___RNAseq.g2186.t1,6511.564812843687,0.6876326124767008,0.3417982682626972,101.1771511759971,1.0438085692550913e-16,2.417358957307815e-16
Montipora_capitata_HIv3___RNAseq.g2676.t1,1128.1666780065075,0.8497174049999459,0.32530265062222513,366.6035395398559,7.399126783224781e-72,5.2002993239490687e-70
Montipora_capitata_HIv3___TS.g40266.t1,1776.9122980877955,0.6869853651364529,0.2796641608242166,253.27648241980762,5.75413680949658e-48,6.95443899256166e-47
Montipora_capitata_HIv3___RNAseq.g2719.t1,12788.052703098074,0.6205833661874358,0.2980214852889679,178.11442540521216,2.5110182671310056e-32,1.304115993194304e-31
Montipora_capitata_HIv3___TS.g40500.t2,691.9285878662054,0.5455306210908794,0.35592691858195974,107.86076148984034,4.895539584125875e-18,1.2198288613085899e-17
Montipora_capitata_HIv3___TS.g40519.t3,911.9854879580433,0.5615806892363377,0.2519211028861662,432.43743836364683,7.846161899763893e-86,2.3060583110851517e-83
Montipora_capitata_HIv3___RNAseq.g3095.t1,1495.2727580685564,0.5125736902528676,0.21809567458626722,184.8662749558721,1.0129653331848893e-33,5.6610491308327514e-33
Montipora_capitata_HIv3___RNAseq.g3146.t1,566.4345245950238,0.6157514054618419,0.23137390512700298,340.1395614146994,2.952390352989658e-66,1.2006387435491275e-64
Montipora_capitata_HIv3___RNAseq.g3170.t1,2805.6082414224893,0.6071895081264883,0.3518085653470097,71.72903603630868,5.724626966913805e-11,1.0099710223210004e-10
Montipora_capitata_HIv3___RNAseq.g3479.t1,2731.3123619882545,0.9549477755566705,0.3292377562708932,338.7026514248396,5.942522096196159e-66,2.3429480410978274e-64
Montipora_capitata_HIv3___RNAseq.10384_t,1822.913283177292,0.623819660668832,0.35474105354173324,214.98970796488788,5.70633710578764e-40,4.275454892934285e-39
Montipora_capitata_HIv3___TS.g7426.t1,6874.377867682722,0.687677958385829,0.2514211341634832,229.0666001108184,6.6436267623021586e-43,5.917037278931922e-42
Montipora_capitata_HIv3___TS.g7633.t2,1116.1980554073368,0.5132605602576007,0.6637449260344579,96.36378675110564,9.345390291484895e-16,2.058150327818165e-15
Montipora_capitata_HIv3___RNAseq.g24480.t1,973.2287025959306,0.713594798808544,0.5149264446782322,88.50049641498549,3.277401441994627e-14,6.74894195029849e-14
Montipora_capitata_HIv3___RNAseq.g24494.t1,945.250449556259,0.6744759018464178,0.6235161717804907,33.69297364565648,4.0595148020530417e-4,5.034296645583997e-4
Montipora_capitata_HIv3___RNAseq.g24558.t1,929.0326001848842,0.7436079865813441,0.2963819359545466,261.6725123912371,1.0000811905185913e-49,1.3416026925089651e-48
Montipora_capitata_HIv3___RNAseq.g24594.t1,6083.744472097471,0.9233151115118953,0.3510539466056312,201.75126538454015,3.2215428544265033e-37,2.1062180077575096e-36
Montipora_capitata_HIv3___RNAseq.g24713.t1,2031.272782114926,0.5513476145513493,0.22152405082721996,275.72753596532743,1.120725559311768e-52,1.7761302613994832e-51
Montipora_capitata_HIv3___RNAseq.g24768.t1,478.879651894944,0.9846404148555493,0.31765545156530184,172.6249403756343,3.3994923084331863e-31,1.6627168885271545e-30
Montipora_capitata_HIv3___TS.g7969.t2,436.06956563999614,0.5725893117584893,0.2223948708070671,237.13961364040392,1.3692092235831525e-44,1.3557897151131186e-43
Montipora_capitata_HIv3___RNAseq.g24833.t1,537.0525086267695,0.507857718435768,0.2088304662466488,170.02159079619958,1.167840176874995e-30,5.544239782432979e-30
Montipora_capitata_HIv3___RNAseq.g24843.t1,12859.266423553105,0.7055194704178195,0.34728377862214327,129.51097915595642,2.186232300948554e-22,6.744359760464384e-22
Montipora_capitata_HIv3___RNAseq.g24975.t1,2878.263534913272,1.2381146155355736,0.3641597587191049,302.47319280752436,2.638814894784249e-58,5.904005920302751e-57
Montipora_capitata_HIv3___RNAseq.g25256.t1,3343.3262429432566,0.6858939020626137,0.2549973467888857,213.51983560910378,1.1541352928673483e-39,8.548268961833075e-39
Montipora_capitata_HIv3___RNAseq.g25264.t1,291.13665783613106,-0.6717665406992789,0.32362902350725076,55.114035999836915,7.386196096267152e-8,1.1093639370035161e-7
Montipora_capitata_HIv3___TS.g8537.t1,609.670868206983,0.5017701171248048,0.25880271563316387,361.4350234354822,9.202697467057652e-71,5.833788413921057e-69
Montipora_capitata_HIv3___RNAseq.g25676.t1,693.8799905847163,0.6249208441145417,0.27378079596477145,153.00792536976667,3.617707618392864e-27,1.417702876395652e-26
Montipora_capitata_HIv3___RNAseq.g25683.t1,457.4036250348034,0.7016129774827019,0.2772768861947779,124.90560821379529,1.8626668799779045e-21,5.512129998140563e-21
Montipora_capitata_HIv3___TS.g9442.t1,1753.2781859118754,0.8011961831587181,0.2970765637682001,282.72456827092094,3.790803419116427e-54,6.571403460591641e-53
Montipora_capitata_HIv3___RNAseq.g26215.t1,474.96589824134054,0.6207657685509644,0.33450185563012036,181.62231688982274,4.740245880676508e-33,2.560603998701278e-32
Montipora_capitata_HIv3___RNAseq.g26490.t1,341.1557167857225,-0.5221593935362283,0.31960457008609283,26.910923629317836,0.004739728813400749,0.005564104304184685
Montipora_capitata_HIv3___RNAseq.g26530.t1,2826.0203405599113,0.8352077866319096,0.36739878885740845,159.33484259755335,1.831048698618551e-28,7.748403720724836e-28
Montipora_capitata_HIv3___RNAseq.g26558.t1,1332.4871501934665,0.7913775775254906,0.31502900129075045,228.3693592222404,9.287625134930577e-43,8.179622584288958e-42
Montipora_capitata_HIv3___RNAseq.g26610.t1,1569.2191120165799,0.5921712718899443,0.2705125375755397,279.52530114975093,1.783870878173906e-53,2.9575664354544813e-52
Montipora_capitata_HIv3___RNAseq.g26611.t1,9185.781426144125,0.6042413412398074,0.38078230889376163,173.55179293079595,2.1902375633299295e-31,1.0794265308301314e-30
Montipora_capitata_HIv3___RNAseq.g26686.t1,1557.1778074874019,0.606886121928044,0.23583066034159617,210.21499664843998,5.6195630768174385e-39,4.00177256109048e-38
Montipora_capitata_HIv3___RNAseq.g26738.t2,6813.082678499686,0.6090202443586299,0.24420161950286362,243.28652989933403,7.100216970308127e-46,7.626246333889094e-45
Montipora_capitata_HIv3___RNAseq.g26858.t1,1183.1060727801525,0.561163569614799,0.26066074453741517,241.78639651506762,1.4622959217077317e-45,1.547496797015089e-44
Montipora_capitata_HIv3___RNAseq.g26904.t1,3311.5957894766498,0.5307566276010566,0.26353884740327266,387.5024045090556,2.7467354766430428e-76,2.6508047152199874e-74
Montipora_capitata_HIv3___TS.g10163.t1a,1093.2555430591192,0.8680572291463873,0.352121296070503,158.4961122582148,2.720489866762585e-28,1.1363493203156894e-27
Montipora_capitata_HIv3___RNAseq.g26989.t1,706.5947794479257,0.9032764617577668,0.36653198019596983,231.1196495923772,2.4767050493970994e-43,2.2651166689394122e-42
Montipora_capitata_HIv3___RNAseq.g27062.t1,2719.088320865512,0.8642255878712158,0.24337750601152275,314.8890698665341,6.3596886351192e-61,1.7573396031914848e-59
Montipora_capitata_HIv3___TS.g10341.t1,16377.999893529957,0.5388303652906156,0.20653240301873482,178.3122169436017,2.285830313563079e-32,1.191949903830554e-31
Montipora_capitata_HIv3___TS.g10358.t2a,989.0407164704212,0.6856071979446001,0.34861026099468084,124.90389948299867,1.864146106179456e-21,5.513983862102636e-21
Montipora_capitata_HIv3___RNAseq.13700_t,4662.093854070411,1.1669819724194272,0.4328716277053944,159.36172925888513,1.8079524903856454e-28,7.665718559235137e-28
Montipora_capitata_HIv3___RNAseq.g27120.t1,1646.3245043455772,1.0135265027994647,0.29388195982480403,336.49690761331465,1.738801139858586e-65,6.536679168793964e-64
Montipora_capitata_HIv3___RNAseq.g40389.t1,4321.705301360606,0.5960948095105515,0.2517022339704916,209.6695425295136,7.296563429325164e-39,5.18456913560621e-38
Montipora_capitata_HIv3___RNAseq.g40579.t1,758.5680481338723,0.8773660228706489,0.37756242173453974,202.07226163754365,2.763349933480861e-37,1.8139919461814463e-36
Montipora_capitata_HIv3___RNAseq.g40608.t1,2681.7082310522605,0.6922528058555238,0.3178726370548496,132.2533051711905,6.088467583234921e-23,1.9175855525181198e-22
Montipora_capitata_HIv3___TS.g47313.t2,2480.3313770563677,1.005992581031732,0.40884031958484174,193.85916839207175,1.395195045610898e-35,8.526778038676811e-35
Montipora_capitata_HIv3___RNAseq.g41064.t1,1165.0336212454545,1.0758764218161014,0.36187631113367413,247.2251009760796,1.0645005029937738e-46,1.2012321557343352e-45
Montipora_capitata_HIv3___RNAseq.g41321.t1,5912.623203499747,1.0322016170206467,0.3131615964669939,375.8557561898658,8.100869784439003e-74,6.547528003272824e-72
Montipora_capitata_HIv3___RNAseq.g41315.t1,1156.6233442239977,0.5093296605657897,0.23166739732966735,205.63645404750207,5.026992111652259e-38,3.461611394456177e-37
Montipora_capitata_HIv3___RNAseq.g41376.t1,16143.894431159433,0.5357906549786083,0.2909259353900121,114.82175755460548,1.9868626064625427e-19,5.295570327034955e-19
Montipora_capitata_HIv3___RNAseq.g41411.t1,1511.1250832980352,0.9017851125032958,0.31438755348159264,315.67877768903077,4.333277844766415e-61,1.2129426209636206e-59
Montipora_capitata_HIv3___RNAseq.g41581.t1,1438.299929219392,0.8628927826165531,0.3725804426959517,105.44161621153148,1.4847382851693466e-17,3.606430410182192e-17
Montipora_capitata_HIv3___RNAseq.g41694.t1,1357.207708854018,0.6021196090712525,0.18833743948610016,305.35768223568164,6.508407763113879e-59,1.519255039577413e-57
Montipora_capitata_HIv3___TS.g48623.t2,3196.873737212208,0.5605045408037328,0.32184753313823283,113.62703358001659,3.4477119040845605e-19,9.058474267294094e-19
Montipora_capitata_HIv3___RNAseq.g42153.t1,717.9378879949394,0.5833426877474089,0.2688940959101782,239.88871677700047,3.6462171532387874e-45,3.7482416713580284e-44
Montipora_capitata_HIv3___RNAseq.g42152.t1,987.1954988101413,0.5877611437876803,0.2805455541146459,61.775810021447455,4.3305965588910654e-9,6.922530865213753e-9
Montipora_capitata_HIv3___TS.g48813.t1,408.5970324590502,0.673179721088042,0.3408059266443456,183.8051373729578,1.678389833262424e-33,9.251891442348538e-33
Montipora_capitata_HIv3___RNAseq.g42719.t1,1624.3895535492181,0.5369829587704459,0.24374969697482862,154.5323416353607,1.764107701786463e-27,7.02384261068428e-27
Montipora_capitata_HIv3___RNAseq.g42793.t1,845.0366139775324,0.6387839168960764,0.34548099848160313,50.903656592316565,4.303185791666438e-7,6.198351376456936e-7
Montipora_capitata_HIv3___RNAseq.g43105.t1,4078.430106015329,0.5158414795677543,0.22865314757455082,136.44964586178094,8.578041223736721e-24,2.8241147939247274e-23
Montipora_capitata_HIv3___RNAseq.g43161.t1a,566.237947494709,0.696775160746957,0.2612119346118473,244.9412533078788,3.199555652953498e-46,3.5184229340131496e-45
Montipora_capitata_HIv3___RNAseq.g43906.t1,1653.8380796058536,1.1500138151562413,0.33351507075120995,385.40954125237363,7.633928193498329e-76,7.153765173791332e-74
Montipora_capitata_HIv3___RNAseq.g43943.t1,3199.711641820297,0.5242292351146282,0.33118748964487665,133.33111008118408,3.6819688907118685e-23,1.1733667248567247e-22
Montipora_capitata_HIv3___RNAseq.g44004.t1,3236.8252324743207,2.324832686911889,0.44225188961122375,325.4275573868608,3.792795800274468e-63,1.2080895391416114e-61
Montipora_capitata_HIv3___RNAseq.17832_t,1499.8308031632432,0.6275296508680365,0.272839087377675,174.91605295709428,1.146483441275379e-31,5.720032354387809e-31
Montipora_capitata_HIv3___TS.g50643.t1b,4409.9615673205635,0.6157807561423885,0.2217079822934499,334.4064686609987,4.80925521267795e-65,1.747002483436833e-63
Montipora_capitata_HIv3___RNAseq.g44153.t1,1939.5023959210978,0.5865821978759973,0.4498649383971568,94.20315106348767,2.4913470428260905e-15,5.3822418907161714e-15
Montipora_capitata_HIv3___RNAseq.g44292.t1,1537.0018830473623,0.530353234699498,0.19379850033598806,111.01448819039956,1.1487465581653488e-18,2.9393728710317156e-18
Montipora_capitata_HIv3___RNAseq.g12714.t2b,11217.98807816557,0.6108162937520758,0.3157142490050464,94.34402401377429,2.337217864564487e-15,5.054331341897649e-15
Montipora_capitata_HIv3___RNAseq.g12714.t2a,2650.5770234154625,0.642461181271306,0.24378183486725719,133.22887123130465,3.861936905808801e-23,1.228901773275576e-22
Montipora_capitata_HIv3___RNAseq.g12786.t1,3054.7308144953968,0.5489353214125526,0.3048395998966946,178.73381431824316,1.870929583627936e-32,9.827319811322692e-32
Montipora_capitata_HIv3___RNAseq.g12818.t1,1350.8004966066717,0.6274179372755638,0.3527973508405162,208.03232503613606,1.5975905183642457e-38,1.122828292580784e-37
Montipora_capitata_HIv3___RNAseq.g12958.t1b,1102.920101162584,0.5214940555656872,0.2984100045009233,146.2009243150817,8.888873917233282e-26,3.2619443103762993e-25
Montipora_capitata_HIv3___RNAseq.g12958.t1a,220.89893740483618,0.5114803550393862,0.2985622933844472,100.30893661185746,1.551169915329012e-16,3.5668082050204095e-16
Montipora_capitata_HIv3___TS.g21075.t2,1098.4818474230776,0.5041330897175269,0.30223699946492794,202.96062079237288,1.8072459539348282e-37,1.2047064266126391e-36
Montipora_capitata_HIv3___RNAseq.g13119.t1,3120.3110662824115,0.6618536066771906,0.2740954029008703,201.65552861178878,3.3723660629396714e-37,2.202597875047264e-36
Montipora_capitata_HIv3___RNAseq.g13378.t3,671.3465560973789,0.5779663822849752,0.28845050410499845,101.79804080363431,7.861504066489137e-17,1.837761579678914e-16
Montipora_capitata_HIv3___RNAseq.g13461.t1,5127.425160500967,0.7312067674333328,0.3237064843331304,109.90117611483333,1.917130159306046e-18,4.868878087224231e-18
Montipora_capitata_HIv3___RNAseq.g14098.t1,2415.6269092211974,0.7938513394675927,0.2861001830434214,313.7536926434826,1.1039926569220668e-60,2.986785154668654e-59
Montipora_capitata_HIv3___RNAseq.g14173.t1,338.25239341413135,0.5569039572812541,0.2788162135722174,85.9168615229703,1.0472716482848066e-13,2.1056151983238682e-13
Montipora_capitata_HIv3___TS.g22436.t3,1505.2641496051583,0.6136559036896089,0.3731289027243117,131.44201938358322,8.888743050165634e-23,2.7792365842539164e-22
Montipora_capitata_HIv3___RNAseq.g14556.t1,2559.4304933278663,0.5266883028923883,0.2084487137568588,243.33309268274672,6.942749676436235e-46,7.469520700139216e-45
Montipora_capitata_HIv3___TS.g22863.t1b,1990.2305216802854,0.5491016287155008,0.2429355917269358,255.42648884091238,2.039386686841334e-48,2.51654090021299e-47
Montipora_capitata_HIv3___RNAseq.g14880.t1,365.60700387335396,0.7324650514165324,0.24586671192514453,224.00902449312355,7.540573785386235e-42,6.283163672204561e-41
Montipora_capitata_HIv3___RNAseq.g14898.t1,272.44135449917354,0.616133349217575,0.25170701176884036,28.63868098735213,0.002581974074832873,0.0030734617761173336
Montipora_capitata_HIv3___RNAseq.g14981.t1,840.4925998811632,0.8552471572504206,0.274340069655621,393.9032096533865,1.2043471503860128e-77,1.3661945042799929e-75
Montipora_capitata_HIv3___RNAseq.g15008.t1,477.5055725087768,0.5597185544025847,0.2817329992588996,161.7766737465813,5.778357608732054e-29,2.512633510293306e-28
Montipora_capitata_HIv3___RNAseq.g15004.t1,719.1028571616297,0.5528972906157531,0.2207783173225916,364.92702427434585,1.6761888875825283e-71,1.1173440564029513e-69
Montipora_capitata_HIv3___RNAseq.g15018.t1,3675.955676947134,1.0770420330181765,0.3135833820456208,327.4640248897258,1.4088411778513183e-63,4.647738293870727e-62
Montipora_capitata_HIv3___RNAseq.g15061.t1,2762.306396617808,0.5069231465090841,0.20352751991265536,197.3454057163833,2.642870581347731e-36,1.678664162966054e-35
Montipora_capitata_HIv3___TS.g23363.t1a,2710.6808482574056,0.7414461494676202,0.24019308561181454,358.11570769368427,4.6426521023247304e-70,2.7044494138406943e-68
Montipora_capitata_HIv3___RNAseq.g15303.t1,922.3865947518156,0.6280079648918286,0.35811507987470975,139.99234100733077,1.6347225913079923e-24,5.5867422174405276e-24
Montipora_capitata_HIv3___RNAseq.g44474.t1,1402.8167525388465,0.7481804901985184,0.274219653253817,359.7188926711383,2.1248049763868567e-70,1.3084751406968966e-68
Montipora_capitata_HIv3___RNAseq.g44605.t1,950.5369552330119,0.7435095688315911,0.27900601178252404,309.3803571292526,9.233585017406951e-60,2.3141225086260986e-58
Montipora_capitata_HIv3___RNAseq.g44669.t1,4198.824645741106,2.1648302471180103,0.4935756536677438,286.103410637598,7.380342509185493e-55,1.3518780358185098e-53
Montipora_capitata_HIv3___RNAseq.g44974.t1,1715.8085349142968,1.158749389179435,0.35243799324363034,290.6730050730936,8.064003392277693e-56,1.5518406528115348e-54
Montipora_capitata_HIv3___RNAseq.21532_t,793.7641576336923,0.5671277784700971,0.4338417597076437,128.81095285604965,3.0288888287850264e-22,9.26433073175212e-22
Montipora_capitata_HIv3___RNAseq.g45032.t2,2775.5503409372072,1.0511958105791632,0.28186749844569153,344.1470458593933,4.1948348415003216e-67,1.9374144346529343e-65
Montipora_capitata_HIv3___RNAseq.g45287.t1,499.2304767183821,0.7037086837658716,0.31454012071012655,171.98090859731747,4.613666149990022e-31,2.2430049117169534e-30
Montipora_capitata_HIv3___RNAseq.g45304.t1,651.0957433001461,0.851479964193487,0.2999694572551028,228.47778620600184,8.816159277572698e-43,7.798260723500008e-42
Montipora_capitata_HIv3___RNAseq.21890_t,3120.3858017660127,0.7589189537204883,0.33108681304408144,213.14206228542776,1.3831254630013912e-39,1.018597863754783e-38
Montipora_capitata_HIv3___RNAseq.g45409.t1,2686.3595622490125,0.5210292549627374,0.32028865200886614,187.43109055544278,2.987326063605354e-34,1.7048588108801607e-33
Montipora_capitata_HIv3___TS.g46635.t1,815.6811447730315,0.5751259913828531,0.25614695815895433,134.5905826076554,2.0449322880588608e-23,6.601364041232449e-23
Montipora_capitata_HIv3___RNAseq.g45478.t1,9537.291990457947,0.6921724578470464,0.31432404538799213,181.06956577475262,6.165096339129437e-33,3.3081753467892897e-32
Montipora_capitata_HIv3___TS.g46670.t1,12076.21894219142,0.5110769360301644,0.3262901035136986,121.7587534744248,8.0248972632594807e-21,2.290904446103126e-20
Montipora_capitata_HIv3___RNAseq.g45527.t1,2825.412426283028,0.7367005860224757,0.22949922154065405,304.1970112867655,1.1431897003070944e-58,2.6027692261217155e-57
Montipora_capitata_HIv3___RNAseq.g45560.t2,4151.573916151363,0.51704949354171,0.26031125472763655,186.03581419886962,5.805248115766403e-34,3.2726010738051926e-33
Montipora_capitata_HIv3___RNAseq.g19083.t1,5629.7038690433465,0.5178333691085453,0.22401496794938158,236.8443618969834,1.578225802719754e-44,1.5532432329354533e-43
Montipora_capitata_HIv3___RNAseq.g19112.t1,1042.3279009369548,0.5174638916800371,0.21799540127604936,152.40719454211853,4.800609885587328e-27,1.87217994693653e-26
Montipora_capitata_HIv3___RNAseq.g19114.t1a,3898.014472357495,0.656521738393177,0.24410244196480418,149.17475028424428,2.1973090406726716e-26,8.279603879364508e-26
Montipora_capitata_HIv3___RNAseq.g19140.t1,12798.428007347971,0.9471339117907878,0.34108823815345624,181.5133602197402,4.992303906757369e-33,2.690019755091096e-32
Montipora_capitata_HIv3___RNAseq.g19174.t1,6455.062297587234,0.5822024501189622,0.2877474163478962,393.3426809780924,1.583799703405973e-77,1.7656636003832797e-75
Montipora_capitata_HIv3___RNAseq.g19434.t1,2428.377862145303,0.7721998261290741,0.25300618280200804,195.42277943982094,6.616608414931486e-36,4.1058531680371387e-35
Montipora_capitata_HIv3___RNAseq.g19536.t1,565.1357201570527,-0.55046638852713,0.30582707685131766,111.8564067645716,7.796371827667993e-19,2.0140367653895823e-18
Montipora_capitata_HIv3___RNAseq.g19575.t1,933.9512962727053,0.6455290681127994,0.32985438868217526,260.4191014039702,1.8318906941993613e-49,2.4124246901615215e-48
Montipora_capitata_HIv3___RNAseq.g19761.t1,5499.634139289734,0.592450059271054,0.26012915941369485,245.45070820141973,2.5031665217095555e-46,2.7714853988654084e-45
Montipora_capitata_HIv3___RNAseq.g19766.t1,1603.3531573300918,0.5707427255011388,0.27543074993377664,305.5619787373528,5.894007977807568e-59,1.3858420212546813e-57
Montipora_capitata_HIv3___TS.g33455.t1,948.1044080570618,0.6640498274831178,0.2532275787795659,281.34690174811533,7.386016691773556e-54,1.2502090033771679e-52
Montipora_capitata_HIv3___RNAseq.g19909.t1,614.1914130064237,0.5211312383061307,0.2195624043388364,53.60995812526642,1.3903376563683875e-7,2.0548396082463986e-7
Montipora_capitata_HIv3___RNAseq.g20086.t1,906.5926647131321,1.4340826547011554,0.3764066953141172,302.2894864603212,2.8848346164771554e-58,6.366327860116479e-57
Montipora_capitata_HIv3___RNAseq.g20091.t1,443.55496436161536,0.8992679821079925,0.35676763548661095,309.2381906412528,9.893479464355789e-60,2.4699319774719898e-58
Montipora_capitata_HIv3___RNAseq.g20168.t1,535.2756377256251,0.6178026853765067,0.47501831114270127,62.807344107196286,2.778407075206211e-9,4.5002956283274954e-9
Montipora_capitata_HIv3___RNAseq.g20406.t1,6617.53764278393,0.80140092021568,0.3491051898556687,126.26943094847888,9.882271433506457e-22,2.9582762541228125e-21
Montipora_capitata_HIv3___RNAseq.g20529.t1,2064.59292323342,0.8181873142871484,0.2994668402103057,337.50672575779583,1.0636323018499078e-65,4.143040038410544e-64
Montipora_capitata_HIv3___RNAseq.g20534.t1,8285.967531440117,0.6402453899102398,0.34724748002506656,138.7163312277296,2.9709612586137372e-24,1.0026218944778928e-23
Montipora_capitata_HIv3___RNAseq.g20688.t1,6659.406453463684,0.5209786254410043,0.4815807794871051,68.68625976998419,2.1694408193474232e-10,3.730745834547989e-10
Montipora_capitata_HIv3___RNAseq.g20762.t1,289.8570110758229,0.692524565615505,0.37370515293674206,36.739668630421875,1.273941042098809e-4,1.62311384792333e-4
Montipora_capitata_HIv3___RNAseq.g20865.t1,18520.849836765432,0.5992968824844557,0.24107787278917586,310.2696978927195,5.995501030868281e-60,1.5202709672782081e-58
Montipora_capitata_HIv3___TS.g34572.t2,1036.885030395215,0.5975652337167097,0.23089070361663866,145.21646205328454,1.4112476629725824e-25,5.126476061112763e-25
Montipora_capitata_HIv3___RNAseq.g21305.t1,341.7195983190804,0.576125261962076,0.288767049666185,191.25448233360635,4.831486310982667e-35,2.8426196985272e-34
Montipora_capitata_HIv3___TS.g34930.t2,9923.521235244145,0.6404336494327839,0.29889036220387755,104.84378713795923,1.9524327383936412e-17,4.712366586955313e-17
Montipora_capitata_HIv3___RNAseq.g21418.t1,476.14889030271297,-0.5298815820268632,0.2326873844474484,87.81699026106583,4.458224429178579e-14,9.09939367394845e-14
Montipora_capitata_HIv3___RNAseq.g21605.t1,6771.283933886091,1.4961884881667884,0.36279651523985995,320.8495619072378,3.5119201130713026e-62,1.0464550899133199e-60
Montipora_capitata_HIv3___RNAseq.g22071.t1,384.2504157471255,0.7759579135941306,0.34347058818186016,139.65537805879922,1.9141441906695868e-24,6.514134914141868e-24
Montipora_capitata_HIv3___RNAseq.g22542.t1,1402.6938503383192,0.6616210181900541,0.26183777051760554,166.6933496333079,5.648566737047153e-30,2.583000885554943e-29
Montipora_capitata_HIv3___RNAseq.g22595.t1,6077.548926970841,1.3013849374312816,0.3543769349016771,421.10974346422813,2.0081907291293e-83,3.819106251338251e-81
Montipora_capitata_HIv3___RNAseq.g22628.t1,479.7806464848446,0.5122811709054723,0.2727964163061865,239.53185482565016,4.329616701419338e-45,4.415662711573729e-44
Montipora_capitata_HIv3___RNAseq.g22814.t1,1911.9301794692049,0.5826985944665892,0.46953556391801626,25.804519571350397,0.006938730497684384,0.008085390412331452
Montipora_capitata_HIv3___TS.g36433.t2,1274.43381133646,0.8469873545322636,0.3540811744291991,191.19600965172128,4.968059128317321e-35,2.9203154839727087e-34
Montipora_capitata_HIv3___RNAseq.g22864.t1,280.7739515978684,0.7122028479277455,0.2620693279585234,269.89655251206545,1.8802711956511594e-51,2.8013441361936395e-50
Montipora_capitata_HIv3___RNAseq.g22869.t1,9583.79140610977,0.5717202991173012,0.2894174453459279,270.8169507316222,1.204929709050932e-51,1.8118780229589132e-50
Montipora_capitata_HIv3___RNAseq.g22906.t1,913.8835373749712,1.1038819996568041,0.3306583086363967,358.4416611854974,3.960537913982501e-70,2.328076195619168e-68
Montipora_capitata_HIv3___RNAseq.g22907.t1,8492.704321906334,0.5008383532620534,0.33335864451248753,108.17417399220722,4.239401722353214e-18,1.0604244308215043e-17
Montipora_capitata_HIv3___RNAseq.g22994.t1,1613.7916628060084,0.7725691058937109,0.29488720430593507,268.7153506614518,3.3281905378467444e-51,4.902068341165615e-50
Montipora_capitata_HIv3___RNAseq.g23191.t1,1753.836395370425,0.8662893693658508,0.28195693610616723,304.9494525920611,7.934574548491529e-59,1.8455021234009434e-57
Montipora_capitata_HIv3___RNAseq.g23265.t1,1327.6514988736342,0.6584587810855784,0.37464641817843936,140.59909456829087,1.2303156829781279e-24,4.240523030989645e-24
Montipora_capitata_HIv3___TS.g36940.t1,551.0058699915014,0.7312932033483741,0.2745425088041624,83.36984880992554,3.2794034349603597e-13,6.431490024402088e-13
Montipora_capitata_HIv3___TS.g37202.t2a,2646.5154376209457,0.6509198962967575,0.20436107907765427,188.99307249044261,1.419530700556043e-34,8.195254919460156e-34
Montipora_capitata_HIv3___RNAseq.g27805.t1,1414.0028606210137,0.9662305011848767,0.3113111249501217,248.8363946972264,4.896090882315056e-47,5.60320772478746e-46
Montipora_capitata_HIv3___RNAseq.g27904.t1,231.90997646638823,0.5133075789709451,0.2861938788329291,43.08127510832355,1.0512792304667955e-5,1.4140985030576866e-5
Montipora_capitata_HIv3___RNAseq.g28069.t1,2444.515211079885,0.7489936264748555,0.2776195249486774,225.94618336472968,2.974613240895288e-42,2.524127193652091e-41
Montipora_capitata_HIv3___RNAseq.g28102.t1,2485.2010114402956,0.5326439592662093,0.25349171675988513,299.4100088310287,1.1663064496589789e-57,2.4971316236738266e-56
Montipora_capitata_HIv3___RNAseq.g28322.t1,6164.136249133982,1.9733292708570493,0.4271856287337599,302.2916304803125,2.8818350603480976e-58,6.366327860116479e-57
Montipora_capitata_HIv3___RNAseq.g29121.t1,1569.0410296520238,1.8818003371830652,0.45741715401770694,320.9239260159952,3.3872457527571812e-62,1.0139782887651822e-60
Montipora_capitata_HIv3___RNAseq.g29174.t1,680.3029653893703,0.5123560058585123,0.2705336963089462,287.1214711046896,4.5071298612553735e-55,8.396589764252248e-54
Montipora_capitata_HIv3___TS.g25828.t1,4184.2131126383065,0.5665350122306337,0.3361402701258484,134.2405173010427,2.408149395994567e-23,7.739112323310571e-23
Montipora_capitata_HIv3___RNAseq.g29375.t1,7499.917530868623,0.6901703410121628,0.4227131147582434,70.63396725860002,9.254976185191306e-11,1.6151869369351414e-10
Montipora_capitata_HIv3___RNAseq.g29444.t1,9359.928195179036,0.7585892739345198,0.26445575065712773,331.34878833692574,2.129130953167016e-64,7.362011092608516e-63
Montipora_capitata_HIv3___RNAseq.g29537.t1,1473.0468502942333,1.0617475171976742,0.3192744644196012,262.6803222583188,6.146759082073095e-50,8.314841888009337e-49
Montipora_capitata_HIv3___RNAseq.g30052.t1,279.9556195058987,0.5484656785424779,0.2806101958773122,100.477537038876,1.4363548348023654e-16,3.308681995665157e-16
Montipora_capitata_HIv3___RNAseq.g30183.t1,952.7051904347287,0.5306278966135727,0.21003974026779698,300.63878793248034,6.425938752104059e-58,1.3896361194349447e-56
Montipora_capitata_HIv3___RNAseq.g30219.t1,9022.480322303087,1.0132134217931001,0.3294264482123925,236.67289541877244,1.713955133669571e-44,1.6791566506526435e-43
Montipora_capitata_HIv3___TS.g14717.t1,5096.675669996552,0.613842538190657,0.25270767349969664,243.65040793986645,5.958718621143586e-46,6.442989064266626e-45
Montipora_capitata_HIv3___RNAseq.g30262.t1,1332.6692001616748,0.52274047103707455,0.18269027885382372,365.402602308622,1.3291794381206198e-71,8.952577340508259e-70
Montipora_capitata_HIv3___RNAseq.g30715.t1,407.5429302142541,0.5274497725776791,0.2447448322549802,99.58731809744961,2.1554751979098341e-16,4.914422647984834e-16
Montipora_capitata_HIv3___RNAseq.g30961.t1,1606.3950408636622,0.6620537912349349,0.25113231095353705,167.2420522178271,4.3564451843211406e-30,2.004490908382332e-29
Montipora_capitata_HIv3___TS.g15910.t1,3705.486858509129,0.6267382742870313,0.28581319804179756,348.8534912243987,4.23753631107879e-68,2.209670144148021e-66
Montipora_capitata_HIv3___TS.g16480.t3,1050.7497366885925,0.5221797626434458,0.2212998248755433,308.82369504562223,1.2099058634771597e-59,2.9859737836806544e-58
Montipora_capitata_HIv3___RNAseq.g32198.t1a,9697.892327986483,0.7203427436669414,0.2761401122067881,298.58300430192753,1.7419097607943707e-57,3.7049962214790793e-56
Montipora_capitata_HIv3___RNAseq.g33185.t1,646.3460738307028,0.8096196143936537,0.3441128789421058,303.93550790931886,1.2978769383483377e-58,2.9445867660913513e-57
Montipora_capitata_HIv3___RNAseq.g33482.t1,4699.54047644379,1.0597204960661755,0.26378776121736236,395.96391800921594,4.399665725363815e-78,5.268192329667116e-76
Montipora_capitata_HIv3___RNAseq.g33563.t1,7065.477167798589,0.5297436532211426,0.30201687856427084,174.72763437129288,1.2537207756265514e-31,6.250237883732676e-31
Montipora_capitata_HIv3___RNAseq.g33687.t1,837.759368623694,0.674326142586224,0.4574702052686151,87.65867415549906,4.7873845874489615e-14,9.758899351338266e-14
Montipora_capitata_HIv3___RNAseq.g33767.t1,321.27566051617316,0.5890593242535112,0.3586816429850442,55.74791022373495,5.652597031760801e-8,8.543640113923641e-8
Montipora_capitata_HIv3___RNAseq.g33790.t1,2660.5191876283493,1.0165877008452968,0.28426177831060134,322.2943317238688,1.7399704299067826e-62,5.2573125232604e-61
Montipora_capitata_HIv3___RNAseq.g33907.t1,6349.950865433376,0.5256579480228242,0.30105802885157745,145.13864492484686,1.4637549984062762e-25,5.308266864663479e-25
Montipora_capitata_HIv3___RNAseq.g34107.t1,1727.6001778145985,0.5358351136958817,0.2439149907496827,230.84915605380354,2.8206087731251296e-43,2.5579321636784134e-42
Montipora_capitata_HIv3___RNAseq.g34110.t1,2980.603431678896,1.075255003556352,0.2975536599676036,369.88277785918046,1.4942066567482515e-72,1.0855663193858647e-70
Montipora_capitata_HIv3___RNAseq.g34187.t2,4219.751818377624,0.7467831219205361,0.20705117674273313,306.3426360279393,4.035028484453768e-59,9.663145992769654e-58
Montipora_capitata_HIv3___RNAseq.g34312.t1,409.7298808118499,0.5317377726547353,0.25020044537541275,144.9442601731031,1.603602291394419e-25,5.802402023590551e-25
Montipora_capitata_HIv3___RNAseq.g34469.t1,1813.9506473301465,0.518709752558611,0.326878894942372,84.29292186988016,2.1693411381980897e-13,4.290902355334612e-13
Montipora_capitata_HIv3___RNAseq.g34502.t1,1822.3820200113994,0.6282670314229609,0.29471111552798845,400.0507863753114,5.969434667921947e-79,8.16398629776263e-77
Montipora_capitata_HIv3___RNAseq.g34508.t1,7685.22182700821,0.6674847219458279,0.3188529120341485,113.22751622045962,4.1450344602758205e-19,1.083776498994883e-18
Montipora_capitata_HIv3___RNAseq.g46005.t1,1819.4078719360825,0.5254950273007655,0.2790174713574437,239.74233492378426,3.912426511765638e-45,4.0028085166260473e-44
Montipora_capitata_HIv3___RNAseq.g46111.t1,2640.6232390667624,1.0253980537968694,0.3224973815150042,363.3341940468798,3.645023673781979e-71,2.4049717423137015e-69
Montipora_capitata_HIv3___TS.g392.t1,997.0254356149228,0.6217142277209322,0.3114720483918063,340.1099114930761,2.995317246160473e-66,1.2104825821046014e-64
Montipora_capitata_HIv3___RNAseq.g46161.t1,11601.656704627327,0.713305257051136,0.234334615893873,340.72532084688964,2.2198333211250751e-66,9.26028532541596e-65
Montipora_capitata_HIv3___RNAseq.g46220.t1,3033.678802607533,1.1357786639958913,0.31992224128140806,357.36979575119597,6.678625488998136e-70,3.82159224883734e-68
Montipora_capitata_HIv3___TS.g858.t2c,576.1190026958851,0.5263030142761285,0.20057964947203658,191.3428059743153,4.632273167501786e-35,2.730380884326941e-34
Montipora_capitata_HIv3___RNAseq.g46571.t1,1893.3747426745977,0.7823014512313435,0.33221854634481796,175.58161071249708,8.359470444646999e-32,4.209683480925817e-31
Montipora_capitata_HIv3___RNAseq.g46627.t1,494.35201894935597,0.5977260803950474,0.26454075629109053,146.33842108473596,8.332989571381039e-26,3.0631671727430242e-25
Montipora_capitata_HIv3___RNAseq.35138_t,345.96183774028805,0.5991576308279691,0.273593696333335,259.8476984944326,2.413898099163533e-49,3.153184870543718e-48
Montipora_capitata_HIv3___RNAseq.g47022.t1,1658.7078220842625,1.0179248795381401,0.2849685004489549,331.7853030354306,1.721755848740462e-64,6.017769361057204e-63
Montipora_capitata_HIv3___RNAseq.g47184.t1,861.9088715363553,0.5192910068775187,0.2887435528031825,191.35321877365163,4.609334876804034e-35,2.7243107233468815e-34
Montipora_capitata_HIv3___RNAseq.g47619.t2,1176.9658126637032,0.6515526915243686,0.22956176297621297,221.61882156961087,2.374968361968173e-41,1.9267936547661488e-40
Montipora_capitata_HIv3___RNAseq.g47830.t1,2618.8562326647925,0.5261712813073341,0.348217412390026,111.73561275934662,8.242338747269754e-19,2.1266944269691232e-18
Montipora_capitata_HIv3___RNAseq.g48479.t1,4736.416691099458,1.0741722565479659,0.2928654611778365,365.78326933171536,1.1039424721326977e-71,7.593714920010663e-70
Montipora_capitata_HIv3___RNAseq.g48686.t1,2500.962282408898,0.6636251553568288,0.2722625621660449,231.4451219328256,2.1179943645552882e-43,1.9453056194906954e-42
Montipora_capitata_HIv3___RNAseq.g48688.t1,464.9194198761326,0.6437033763554504,0.3132986057674454,227.4576805939315,1.439215263593931e-42,1.2524853155314076e-41
Montipora_capitata_HIv3___RNAseq.g48821.t1,854.4086373469737,0.5425367362559526,0.4580648467467842,143.10300199210383,3.8044729264335294e-25,1.3494087735775755e-24
Montipora_capitata_HIv3___RNAseq.g49035.t1,1107.8329710921182,0.8398170809235517,0.27738568545677783,418.63092859997687,6.754457506710482e-83,1.2131756177330548e-80
Montipora_capitata_HIv3___RNAseq.g49500.t1,876.5113775062165,0.7748578376014191,0.3223347483128027,285.6508315370728,9.189267671411532e-55,1.6737409792492105e-53
Montipora_capitata_HIv3___RNAseq.g49669.t1,7336.1096756605075,0.8798465303229884,0.4019761681160492,121.26310411001577,1.0097948219628137e-20,2.8725619528427423e-20
Montipora_capitata_HIv3___RNAseq.g49671.t1,5697.087437491287,0.5366073664074978,0.23739287720789096,249.1402124979345,4.229036375620464e-47,4.8570069635456345e-46
Montipora_capitata_HIv3___RNAseq.g49709.t1,1272.6359577787098,0.8189921064772269,0.3081487858812845,147.0001568835579,6.10660563303656e-26,2.2588851271861786e-25
Montipora_capitata_HIv3___TS.g4242.t1a,1553.1915323143596,0.7903394763511042,0.2953609380144885,309.0300639354381,1.0945512050209878e-59,2.7220646506406564e-58
Montipora_capitata_HIv3___TS.g4242.t1b,2386.536692869168,0.5866627407614876,0.20276179376906642,357.4403634798224,6.452784845337785e-70,3.7253309651744745e-68
Montipora_capitata_HIv3___RNAseq.g50006.t1,1162.494248369537,0.8460755861270028,0.3251960265561209,343.40100343167035,6.032533833731952e-67,2.7277177460776785e-65
Montipora_capitata_HIv3___RNAseq.g50016.t1,838.4119888858064,-0.6985401419628353,0.3885600826348718,65.1112772052727,1.0269235000885837e-9,1.7001974988863585e-9
Montipora_capitata_HIv3___RNAseq.g50023.t1,844.7663954069951,0.5523305489405541,0.24424484018806264,304.85664065930655,8.30016207822873e-59,1.9236146235780278e-57
Montipora_capitata_HIv3___RNAseq.g50117.t1,1807.295866279069,0.633660734268316,0.34857882453876404,149.63817057277447,1.7670086565692968e-26,6.701160101687433e-26
Montipora_capitata_HIv3___TS.g4504.t1,3625.8955726046283,0.5348818151571475,0.17396589953325173,226.2651869712597,2.5520672114056406e-42,2.1798766960302343e-41
Montipora_capitata_HIv3___TS.g4532.t1,911.89290302822906,0.6626320290296888,0.2934755847929915,144.8415625596914,1.6827971019970593e-25,6.078751989672059e-25
Montipora_capitata_HIv3___RNAseq.g37301.t1,2052.8705611379664,0.5311966280085992,0.21416891874773378,175.49850683730995,8.695812577619211e-32,4.375651683026133e-31
Montipora_capitata_HIv3___RNAseq.g37623.t1,745.121375215022,0.9206086106987843,0.375192622121496,244.58581135794088,3.79715676621122e-46,4.140373634118339e-45
Montipora_capitata_HIv3___RNAseq.g37759.t1,796.3668682062115,0.6529457857995715,0.27562382807977553,197.22662197749287,2.797080785690759e-36,1.7696599178352688e-35
Montipora_capitata_HIv3___RNAseq.g38474.t1,3199.1562082184864,1.1697810309873424,0.30452652730003227,268.59268541367305,3.531498603676808e-51,5.189697720766872e-50
Montipora_capitata_HIv3___RNAseq.g38806.t1,656.4865117095437,0.9270412413729666,0.32844067509893354,407.847130126774,1.3198052790937348e-80,2.0814294962488024e-78
Montipora_capitata_HIv3___RNAseq.g38999.t1,1827.8733228477936,0.9659026701197114,0.3130200119678926,246.74098140352044,1.3442251251668261e-46,1.5089860519667878e-45
Montipora_capitata_HIv3___RNAseq.g39388.t1,783.2560882804405,0.8648498893356594,0.3037296362400157,155.17580144893884,1.302602999028295e-27,5.2217179117898055e-27
Montipora_capitata_HIv3___TS.g10957.t1b,4196.0774128735275,0.6115792675113475,0.25026357701814844,345.45132971861597,2.2225033573004213e-67,1.0724407991272032e-65
Montipora_capitata_HIv3___RNAseq.g15668.t1,1504.481165165961,0.909279667644559,0.31659508702787104,230.90465866199486,2.7463524712561104e-43,2.4975970575445866e-42
Montipora_capitata_HIv3___TS.g10986.t1,1029.4508700719816,0.8354363223257198,0.26521207620088644,258.061295603114,5.718149665572402e-49,7.321496185661615e-48
Montipora_capitata_HIv3___RNAseq.g15726.t1,1113.4540989296481,0.7531195453609394,0.3207553250130284,244.69984211274345,3.594184754227778e-46,3.938982817090985e-45
Montipora_capitata_HIv3___RNAseq.g15764.t1,2383.3499830565884,0.6381523684368692,0.23608296865984785,304.5108444656522,9.81684713498593e-59,2.2509125381141497e-57
Montipora_capitata_HIv3___RNAseq.g15781.t1,3205.540117115145,0.7118375487013736,0.36614055008265944,176.35380489806664,5.793951067513723e-32,2.9498966616176165e-31
Montipora_capitata_HIv3___RNAseq.g15784.t1,4498.14627219622,0.7684181563453126,0.3367551499319915,213.47167768454528,1.181074992204476e-39,8.737792791297646e-39
Montipora_capitata_HIv3___TS.g11132.t1,6537.131284090874,0.5588351107976255,0.26904797585706336,162.84038673787495,3.495162874050847e-29,1.5394906773578186e-28
Montipora_capitata_HIv3___RNAseq.g15863.t1,1413.1766656301227,-0.5105099585725975,0.28581785076349786,117.27856091659942,6.387209253606015e-20,1.751471375479919e-19
Montipora_capitata_HIv3___RNAseq.g15927.t1,588.2666143961856,0.685839484122075,0.31301163221456524,224.18577534277597,6.92708942109016e-42,5.786894082269893e-41
Montipora_capitata_HIv3___RNAseq.g16185.t1,2013.1812232749705,0.785157479900997,0.308255712582055,117.80444566914366,5.008473697199715e-20,1.3798377045629892e-19
Montipora_capitata_HIv3___TS.g12741.t1,335.5503436998265,0.5190210680045889,0.2759082919503399,196.38857703125416,4.173005514368143e-36,2.617134205228362e-35
Montipora_capitata_HIv3___RNAseq.g18458.t1,1133.7332238403446,0.8777117071728215,0.30277969612520095,371.0301943502827,8.536353013277736e-73,6.493653951041629e-71
Montipora_capitata_HIv3___RNAseq.g18504.t1,22608.789921272513,1.242698381794286,0.4479954032785696,166.57624811551887,5.970492023010525e-30,2.726356032541388e-29
Montipora_capitata_HIv3___RNAseq.g18520.t1,4213.794086609926,0.9962261915042526,0.35946953654235547,182.68952150550786,2.8535211791670983e-33,1.5531033623311835e-32
Montipora_capitata_HIv3___TS.g13785.t2,6733.131499566299,0.7246350068428254,0.24305565258710018,293.1173144450556,2.466193176185599e-56,4.876576476212869e-55
Montipora_capitata_HIv3___RNAseq.g18559.t1,395.3767939725079,0.7593006380068,0.3327277483418441,210.6891575011167,4.47816616692844e-39,3.1995383906474357e-38
Montipora_capitata_HIv3___RNAseq.g18602.t1,347.8388719233037,0.6631631796443447,0.33273466951431613,169.0151487617228,1.8813406568976522e-30,8.815035280797261e-30
Montipora_capitata_HIv3___RNAseq.g18621.t1,1187.7504068072117,0.6025101786269002,0.2661786827097601,311.4636963878461,3.357447673441943e-60,8.71857697047213e-59
Montipora_capitata_HIv3___RNAseq.g34930.t1,4249.042169981813,0.5263558911841419,0.2929849230074496,171.6438433470828,5.413159686628308e-31,2.6120515323685553e-30
Montipora_capitata_HIv3___RNAseq.g35002.t1,766.7591833600408,0.8761561093986183,0.34212766901526454,294.23513345134813,1.4344420573876825e-56,2.8715487130243822e-55
Montipora_capitata_HIv3___TS.g5110.t1,3394.1549982329225,1.5305907897743984,0.3533889329272047,370.5844269213276,1.0610429804406197e-72,7.977562687824473e-71
Montipora_capitata_HIv3___TS.g5268.t1,1007.1381435698619,1.1386953181108488,0.32864196690163866,294.15372568896044,1.4921876127399815e-56,2.977927501227383e-55
Montipora_capitata_HIv3___TS.g5354.t1,425.76687366746694,0.7501925304222459,0.26166912062254255,112.72805857124479,5.217997511478308e-19,1.3582758417559878e-18
Montipora_capitata_HIv3___RNAseq.g35485.t1,51567.830620514804,0.7177821387648982,0.27941778088801433,306.77140220466504,3.276849594841881e-59,7.876620624627361e-58
Montipora_capitata_HIv3___RNAseq.g35535.t1,525.9972456309871,0.5880011840197489,0.3358187668334059,121.56898017929234,8.762983528778475e-21,2.4971992726787845e-20
Montipora_capitata_HIv3___RNAseq.g36197.t1,397.2953344715983,0.7413394013094224,0.29109236856410303,240.91139142178076,2.2285109250422656e-45,2.3203786862034283e-44
Montipora_capitata_HIv3___RNAseq.g36255.t1,1294.2030997451654,0.960035725075676,0.3337214310244331,360.8329741561024,1.234265831847099e-70,7.748313464779944e-69
Montipora_capitata_HIv3___RNAseq.g36323.t1,2462.13799784917,1.08966007321772,0.30862092199289004,328.7352492471149,7.591793245255658e-64,2.5173607755806713e-62
Montipora_capitata_HIv3___RNAseq.g36692.t2,1696.1663981672743,0.5422971916332553,0.31330291147044786,254.15009497889594,3.7753123085569856e-48,4.614587785846781e-47
Montipora_capitata_HIv3___TS.g6741.t1,3318.523603581792,0.622705907757525,0.22820737231517377,183.2992578437163,2.1350951705047883e-33,1.170952109625442e-32
Montipora_capitata_HIv3___TS.g6871.t1,5873.393465931125,0.5004751291089252,0.2835017141627224,168.96387861812536,1.9275910786664537e-30,9.02520196571853e-30
Montipora_capitata_HIv3___RNAseq.g36915.t1,3891.291383955111,0.5092086174220734,0.2309409497843778,226.26945606836568,2.5468397836129613e-42,2.1798766960302343e-41
Montipora_capitata_HIv3___TS.g6988.t1,10732.539040470941,0.5809319676910719,0.29605201911951906,128.65416629635433,3.258271629307034e-22,9.933043071711119e-22
Montipora_capitata_HIv3___RNAseq.g36961.t1,4213.495587804147,0.5365936771011229,0.32549422466248834,158.98516476298505,2.159699948142359e-28,9.08563426459889e-28
Montipora_capitata_HIv3___RNAseq.g36979.t1,1694.3925343194944,2.3128385566829963,0.4928527783702523,226.1122326022529,2.7466043728637135e-42,2.3367820888074703e-41
Montipora_capitata_HIv3___RNAseq.g37086.t1,1515.3162777787943,0.6641553791816215,0.3001156810148047,348.2812484074186,5.5999563159093785e-68,2.8967454030936033e-66
Montipora_capitata_HIv3___RNAseq.g37143.t1,662.1627377449474,0.8883129862740807,0.33671120630407414,230.08955759780667,4.063529782284905e-43,3.669662510091368e-42
Montipora_capitata_HIv3___RNAseq.g40104.t1,279.1342872050776,0.5209173347248043,0.24305572387468055,52.030766832098834,2.691664852777813e-7,3.911958853239231e-7
Montipora_capitata_HIv3___RNAseq.g7739.t1,420.2294471238015,0.5969346953055854,0.2605548084343505,254.65757886976837,2.9554348559383336e-48,3.619288215624482e-47
Montipora_capitata_HIv3___TS.g10885.t1,5443.8683981213535,0.8866497849872269,0.7504013231272175,43.047873365936766,1.0654514450887238e-5,1.4328637778585041e-5
Montipora_capitata_HIv3___RNAseq.g12466.t1,464.91192023609767,0.628109886055528,0.5469917151936683,36.27026834934463,1.525827348572843e-4,1.936788307002749e-4
Montipora_capitata_HIv3___RNAseq.g27171.t1,1440.851194882435,0.588883478556335,0.3379824099026855,231.57656045613044,1.988305203953336e-43,1.8287882572919304e-42
Montipora_capitata_HIv3___RNAseq.g7775.t1,363.15758074017145,0.65059111623965,0.320566126184707,77.55019742526486,4.383620425993559e-12,8.168440828378776e-12
Montipora_capitata_HIv3___RNAseq.g7855.t1,3496.3785512719555,0.803407946861222,0.4474120009220052,122.2409944605954,6.416754938645416e-21,1.8383135770173355e-20
Montipora_capitata_HIv3___TS.g41169.t1,1349.6292865527753,0.8961638981612312,0.43108708977602594,98.87804467696617,2.977738995881414e-16,6.722786434137298e-16
Montipora_capitata_HIv3___RNAseq.g19020.t1,1093.2018789111783,0.5789832682383341,0.2678010575466852,218.5238037674378,1.0483404724438696e-40,8.127781168851392e-40
Montipora_capitata_HIv3___RNAseq.g18760.t1,940.47522837063,1.0094873323622422,0.3361232055774606,237.2830539756576,1.277890787031023e-44,1.269253737164761e-43
Montipora_capitata_HIv3___RNAseq.g23745.t1,746.1158158432678,0.879776545964144,0.4510061379584048,102.27795507952578,6.313881800805115e-17,1.4813338071119694e-16
Montipora_capitata_HIv3___RNAseq.g12204.t2,387.23439055511176,0.504045329395127,0.2701425573770902,221.3217126732352,2.738902858571302e-41,2.2109545422624266e-40
Montipora_capitata_HIv3___RNAseq.g15509.t1,1301.4331552019676,2.010846594556936,0.4758824035109429,232.91041957561742,1.0470439685156938e-43,9.797664689468128e-43
Montipora_capitata_HIv3___TS.g29419.t1,3128.0325993744805,0.7909193729673722,0.3708759061976334,113.4122990568992,3.806546494726415e-19,9.980993363706814e-19
