101112C14,101112C4,101112C9,101112H14,101112H4,101112H9,101112L14,101112L4,101112L9,101112M14,101112M4,101112M9,123C14,123C4,123C9,123H14,123H4,123H9,123L14,123L4,123L9,123M4,123M9,131415C14,131415C4,131415C9,131415H14,131415H4,131415H9,131415L14,131415L9,131415M14,131415M4,131415M9,13M14,456C4,456H4,456H9,456L14,456L4,456L9,456M14,456M4,456M9,45C14,45C9,45H14,67C9,6C14,789H14,789H4,789H9,789L14,789L4,789L9,789M14,789M4,7C14,89C14,89C9,89M9
1597.5323829248782,0,62.492861310758954,1363.4266160881045,0,78.69771745158369,2004.989067847265,0,74.219967398661,1218.4325257343828,667.3336565591609,63.71042610613676,2538.480726304636,7.160135681671865,144.02976187274487,1655.1571906407441,0,124.76765815024528,1577.618860216562,0,344.22147877460577,0,174.14954497844775,1134.2947886235634,0,83.45003847228509,1539.519014383882,0,58.57368824974337,2165.3539010738805,67.27110701558996,1331.159813364057,41.512953420329296,102.13243702398756,2111.973277092091,0,0,73.45736778035382,1784.8793669931438,0,150.8362364473827,1114.0666709724214,0,245.52717834109984,2201.1698427523384,204.61496102136857,145.79027452986185,0,1998.1768237453236,2451.5228401802437,0,78.11345328101673,1810.6744679930391,0,54.96653033116335,1775.3038373725726,0,479.86807310927855,1393.802381508814,181.33300914767764,146.9739582735351
320.27823135933545,47.74620088029787,162.75613330384473,276.8079954908895,0,114.6544331837728,232.97631100972325,9.114712735405634,192.9719152365186,236.52677571968607,167.15989831618904,164.39565307744218,278.87812327026865,110.9821030659139,212.91356102927503,277.300340898831,0,171.3841458107765,302.83636330629076,52.35951808198945,207.2353800785892,72.98105590521163,228.8822591145313,178.8514604468689,50.230548756493995,127.2966688560281,224.1029001970362,0,73.01651548940612,233.06765582741252,81.7805614699329,184.74981765903078,78.41335646062201,78.85224917293156,338.63367559040324,16.568660079722722,0,120.67996135343843,147.48581615963582,0,131.7912570979657,212.83429053566903,30.063163346890423,225.61956928641607,365.5227293621583,132.1314323938727,92.77562924627573,125.2194364345258,281.53006795037203,324.0093554613599,31.26765952441744,119.5019247955853,283.8068493858289,0,150.36820941168824,277.86313888784736,13.778765779401459,264.4021955335751,250.38664210676197,156.34617717850946,102.11826970953412
1923.5987750919126,20.462657520127657,629.7357562853402,2424.2785349773912,0,477.6137334992665,2007.5214190538923,0,582.6267440794888,2014.9524245093257,1066.9502884713004,1041.5516982172894,2036.8942784439762,0,1524.8368267831904,2403.9346099502973,0,1044.7577528624934,5782.588613058026,0,2076.744380872303,0,3084.9347967610743,5980.765942386839,12.251353355242438,1732.6491038737158,3203.992373120051,0,522.348918501136,3206.389430436323,1415.3313299554516,4908.685184218121,303.27518748740573,1863.166001886126,3458.1318814709025,0,0,383.77726840348123,1346.9367904374906,0,1488.5555859504334,1273.1076792847894,0,2573.7694563555447,1911.9650458943668,2063.5154556140233,116.63221962388948,120.54706940338677,1155.5485019008302,1949.2343644764462,0,213.35465597650838,2492.7370827174905,0,763.8452318434079,3229.8569644202607,0,8276.811270128379,1431.6341604354818,490.45581608052964,909.5206638615516
8341.382852872654,95.49240176059574,184.73164497356217,7439.951070295025,30.630229334062232,101.08586120936181,10098.38352422852,41.927678582865916,171.94292447356466,7239.637121690392,3562.595332863779,338.4616386888515,9870.11760662548,48.92759382475774,385.7492752765689,8319.675215792025,9.660910244341768,446.96985227450506,10649.116107187047,69.81269077598593,748.1548467243983,47.85643010177812,857.0645463582179,5483.209247910587,83.30920281564858,373.40356197768244,6268.769308238912,57.68766592731012,86.65696343797649,7169.161093251209,308.65566748329513,5592.15271775442,172.9706392513721,331.1794465263126,11171.321538204964,35.8987635060659,35.28987345581499,193.3877641564417,9785.232414999511,107.67231366297774,580.4909705702304,7190.368723847895,12.884212862953039,1211.520208185041,12224.927767183834,631.2107284644433,1911.17796247328,109.33338852865312,11966.499299395779,11935.824087600553,9.516244203083568,141.6535010991572,9240.592242939996,37.380743404665544,266.6192620661027,8483.282440306366,37.20266760438394,3804.616123023184,8222.438477772354,409.7840442943581,281.541023965538
1798.1886242584378,5.115664380031914,101.63674147244313,1506.983954175135,0,66.48600267461381,2213.2749545923707,0,59.3759739189288,1039.4392900546204,617.7080617465423,131.97159693414042,3798.852173875921,0,122.11218941384892,2610.081146349908,0,233.08243830265602,1568.5564254044036,0,312.6093021524481,0,439.10563840994325,789.3669720474591,0,99.00852022135518,1333.7518060211487,0,32.095171643695,1917.9914290223867,58.03781781737174,1007.0466939448903,40.359815825320155,26.28408305764386,2080.862056013114,0,0,122.17909130813952,1737.4732117989752,0,43.42255291667078,1300.3941267893624,0,154.5209655196883,3127.026866026816,95.88966808012475,322.0639700977857,32.706569217973154,1873.5973163247756,2442.645871537467,0,58.87655807002007,1427.634454486291,0,110.56485986153547,1487.1718433519136,0,439.69646881550335,1052.3207980391546,177.76346172351074,107.84452782408744
1749.3108218823143,0,57.685718133008265,1490.7877416730087,0,48.16843050915898,2350.021919750252,12.760597829567889,69.2719695720836,1442.1740703340859,794.009517001898,80.20687572290431,3820.5317452962245,0,134.63651653321804,2850.14211293139,0,43.87434132755878,1678.81604895233,0,225.6758164415145,44.26719784414476,297.2981517846358,1036.1281975512218,22.05243603943639,42.43222295200937,1501.4894313201426,0,21.66424085949412,1797.4177617410053,52.76165256124703,1070.0538571927677,20.756476710164648,77.35030156963764,2364.4528020022503,0,0,53.96867836923955,1893.9887718051193,29.70270721737317,85.3215074853882,1683.1840046392285,21.47368810492173,129.8734495472227,3380.081063277541,113.25551348046231,271.7000570783789,29.903148999289744,1129.0630948114224,2909.4264726701567,0,60.62536672556522,1976.0630748612377,0,74.55230550663535,2061.0196301855112,0,618.6427061241384,1556.5785882064506,139.2123495425084,34.35754868731989
7034.544768289983,46.04097942028723,34.33673698393349,5203.401362046827,6.126045866812447,35.9567157321891,9208.895162900637,16.40648292373014,48.24297880912965,5296.92125300897,2867.837005487118,67.12348464753694,10115.490937700733,3.5800678408359325,83.28677534380465,7199.169042136077,0,135.73624348213497,7986.270678214525,0,132.59551860960582,19.142572040711247,215.19908058051044,5231.741405026643,0,74.25639016601639,7297.605350052579,0,25.676137314955998,8562.594918224699,43.5283633630288,5119.598993395339,64.57570532051224,100.63048942069362,6110.961771166747,0,0,29.23303411667142,6615.792324875093,0,122.64966701024554,4109.338994188686,8.589475241968692,263.53882462867085,9156.143533857581,158.55771887264723,788.5928485933437,13.082627687189262,5523.678789646498,11099.169793018822,14.954098033417036,14.573405462876256,7400.809380138154,0,27.167365565977285,6807.646902752261,33.0690378705635,1267.9619100726143,6242.741309465014,141.35407799700855,27.676914220341025
7383.120674709179,49.451422340308504,311.09083707443745,6771.489208843621,0,271.3714394882196,7409.026542790193,0,369.2443378083385,6512.157470963357,3075.4809416767594,567.7054040528972,10993.513580223029,0,567.3520185074211,9581.824009619319,0,866.5182412192859,7858.641387943296,0,1077.4483532052075,15.55333978307789,1258.8524251299223,5308.392030932444,7.350812013145463,791.3609580549747,6316.985386766154,0,353.8492673717373,6791.902247685237,864.6315813474357,5808.40611703739,222.55555583676542,1052.8652699090483,12224.316713185724,0,0,349.29727944535597,7119.200544317931,0,883.6870418129491,8567.164903650062,14.31579206994782,1684.5629185796695,9517.649529930046,1413.4288082361695,1537.4247132239977,14.951574499644872,9803.52438709414,8385.03663048976,9.516244203083568,220.93282681720402,7230.128337850173,0,579.3598656744458,6955.0351764232055,15.156642357341603,4836.6611569705365,5984.887868885883,730.3294029845441,663.2915649357591
2270.2452945752093,51.156643800319145,55.625513913972256,1924.4045218435774,0,84.12514624134808,2517.157099387662,0,120.60744702282413,1809.110203477599,1103.5165162279666,189.42474904771018,3487.454693475197,0,153.42300721227173,3638.1538730395787,14.491365366512651,137.10731664862118,2878.078255761282,11.635448462664321,417.983224226307,0,405.5196547355283,1701.7783698910723,25.727842046009123,260.2509674389908,2340.1775578151114,0,89.06410131125361,2739.0110912837517,204.45140367483225,1920.1166020285395,47.27864139537503,210.27266446115087,3221.2079671002316,0,0,91.44692723676701,2602.0711851021465,0,283.3892927193251,2207.083796727029,0,391.51631140878084,3803.846425340263,353.3572020590424,451.94985104257177,40.18235646779559,2106.0803341095775,3230.4768385839243,0,78.11345328101673,2580.062267143899,0,133.9414302322601,2356.400227829332,11.023012623521167,1157.6725964660677,2198.2254702653295,172.7660953296771,126.93205487259848
2436.815700041209,13.641771680085105,583.7245287268694,3568.3200908094186,0,377.20630088862526,2705.817264281405,3.645885094162254,504.6957783108948,3631.64489963118,1332.0554397071314,1099.004850330859,2118.6853888023943,0,1277.4813661756502,3211.8960348713517,0,1198.3179475089491,4516.1133480589,0,2214.6085955856015,0,2209.2113705837373,3107.712218742211,0,1200.8319095418651,2380.923539669118,0,341.0111987142593,2560.6366453571723,1239.8988351893054,2778.18873202294,265.22164685210385,1238.3557989158492,3624.457255700818,0,0,538.9372187150449,3496.7683045603453,0,1222.687674232572,3315.693178198536,0,2165.189480042749,2156.9857765657034,2145.8144620764924,225.31224245524106,83.1681331542746,4134.6663289575545,2420.4534499305246,0,375.9938609422074,3448.6832304156787,0,732.2552718829692,3261.8716304225563,0,5746.730592425881,3108.67709732948,741.7519547418782,522.9982411292028
441.18647934237777,209.7422395813085,350.2347172361216,393.12624891525263,83.72262684643677,368.38672910525815,345.03285190298686,202.34662272600508,330.27885492404147,377.8035795954986,154.10053126023678,328.79130615488435,409.9409868566493,226.73762991960905,472.16713240021585,374.3887096547766,130.42228829861386,198.8056091405007,322.4716387326338,203.62034809662563,316.12176622157676,108.87337848154523,381.88507363131043,369.8056512999169,269.52977381533367,270.8590231769931,423.7582112816684,164.82190264945748,258.3661317317447,338.1034793869664,300.7414195991081,445.85577383031995,292.8969491323234,358.2145033856034,427.1809971228762,198.82392095667265,60.777004285014705,293.07990614406475,420.63556751651237,267.3243649563585,282.6274935453484,400.7209719242999,191.83161373730078,357.3889816007515,397.65659567971073,455.2871641914585,223.9868763231514,335.4759528357818,349.2149971788587,362.4762195800602,131.86795538558658,332.85658077209365,369.8089249572922,197.28725685795706,426.4644594659225,389.61244474491644,205.30361011308173,417.7846846552623,400.71818468378405,269.8577852670163,327.35108888196453
97.11247577361377,61.38797256038297,67.30000448850964,111.90110456014682,0,42.74100171939459,74.70436059550909,34.63590839454141,63.08697228886185,50.501662923932976,79.66213904130883,72.81191554987058,57.155233744436686,45.34752598392181,77.02461178412008,57.189039130214546,14.491365366512651,58.95614615890711,67.96826109118746,69.81269077598593,50.05261298508299,34.69591182378914,55.9766394573582,75.30587808289218,9.80108268419395,53.04027869001171,64.51447126884375,5.494063421648582,38.51420597243399,62.151374887310006,38.252198106904096,42.18276183544344,31.134715065246976,60.82887793340436,52.649758749037964,60.751753625649975,21.566033778553606,46.47302859573405,56.43589904067697,118.81082886949268,79.22711409357476,73.2836018694245,84.46317321269214,68.25465961605865,100.4183322423512,116.27566050660796,123.25905028433775,63.544191623490704,56.89457819206125,108.00311848711998,21.75141532133387,88.02336899577259,49.6165820604596,20.76707966925864,117.51465105283198,85.77514287407463,44.09205049408467,119.7844200759843,79.64585037193223,119.93679345200725,88.75700077557639
819.9894477573348,17.05221460010638,87.90204667886974,1364.8989990428433,0,59.02328808868777,1349.7431931324184,7.291770188324508,128.02944376269022,1189.0264941584219,468.8312773086864,154.15647745324162,537.0621101847929,4.773423787781243,193.5008539942529,466.82215662105364,0,182.3527311426662,577.7302192750933,0,413.59264413989627,14.356929030533436,564.7420958586805,712.0439722302037,4.900541342096975,195.89542929510992,912.0308938321806,0,88.26172202016124,738.979847410116,250.61784966592342,1066.3161441187412,51.89119177541163,234.3038261138538,204.61610786557935,0,0,156.6590802662648,660.6762581028585,0,147.789039751476,481.8007016521738,0,406.6840135456828,616.5685599680363,379.78348853781694,13.253661320896532,10.279207468505849,708.2394043908314,1234.6383887328989,4.078390372750101,50.71545101080937,1075.6874990707643,14.536955768481047,114.98745425599688,1366.3617829658929,11.023012623521167,880.123330436348,1369.9086263972345,149.92099181500907,169.87899073174836
12865.79521755724,34.10442920021276,1014.3072105053953,16761.607556746203,0,877.20817814567,13709.51634487923,0,966.0965756392374,15909.941605706885,6051.7106937282815,2085.3787687955123,8406.746535754988,21.480407045015596,1834.813922987576,10463.599194347975,0,2646.171211318389,15844.156863256809,14.544310578330402,3872.4916362143153,0,4308.957312895307,13265.937272995203,9.80108268419395,2003.508127050709,10435.725052508653,0,738.9913270960773,11202.163809688755,2103.8708958797256,12009.272106847575,415.129534203293,2306.2405448578365,18995.793639567673,16.568660079722722,0,825.2710400629547,15953.299940818568,25.989868815201525,2787.4231775806734,14659.059212242433,7.15789603497391,6166.618900034187,11983.923769802192,3955.63756749428,1183.5519559560603,186.8946812455609,19782.63721378102,16065.094001265647,24.470342236500606,645.8933301146757,15129.088201875342,0,1571.91640763143,15699.871397465307,9.64513604558102,13735.76709724976,16848.58185961744,1751.2199662962726,1833.3569730094864
825.1344795864004,409.25315040255316,735.4929061958553,845.8840074974256,292.00818631806,539.3507359828365,857.8339712450407,446.6209240348761,661.7947093047272,740.9041434030166,513.2331252989242,692.8508839042372,832.6926295525689,338.91308893246827,851.0280277611317,975.5386093491248,65.21114414930693,453.8252181069361,785.4110170537217,209.4380723279578,489.1106216261618,277.5672945903131,559.766394573582,786.0051024901871,503.5306229004642,662.649881767213,895.0534013930112,310.41458332314494,625.0534677609601,843.3941572207967,637.7564753340735,742.2030246995745,635.3788148500402,628.5650719785117,673.677594902463,287.1901080485272,205.8575951589208,535.1893938282922,767.5282269532069,282.17571856504514,674.1922689693621,673.5854469700294,314.94742553885203,783.0326228175617,666.7777260892119,741.4460949187599,485.0840043448131,526.1085277062539,735.7057524835507,961.6716029675066,152.2599072493371,681.4524394440937,934.1148515915861,431.95525712057963,655.1757695794987,931.4455655762188,322.4231192379941,932.7116124209265,984.6218252230123,588.2614155027022,581.2151986271615
16001.692117372742,298.41375550186166,2291.633826307721,27180.189344477767,51.050382223437055,2084.8110838682474,17842.31351409519,61.980046600758314,2758.508788316901,23458.981320500865,8593.063522816592,5215.722294349714,9798.180846912654,50.12094977170305,4546.956960686959,19001.390745427332,28.982730733025303,2821.668576628624,23831.182744372345,52.35951808198945,10074.625066278195,27.51744730852242,11289.866215888513,19519.014649521072,112.71245086823043,5093.988365388725,14199.974676121294,107.13423672214736,1718.696441519867,12783.916300570794,5681.110939532275,16930.23834830893,1237.3166394448149,5443.058114337219,21271.69912003745,66.27464031889089,41.17151903178416,2720.9208677824936,24143.27760960161,40.84122242388811,5724.158993260776,22619.685368505132,81.60001479870257,11422.227690470703,12255.05326685654,8294.078770552524,613.6445191575094,348.55858052297106,28286.414771487554,17188.030534576937,106.03814969150262,1754.638017730301,20937.53607508648,47.76428323929487,3797.113187244732,22544.969418937235,126.76464517049341,30808.698922104228,26239.325405033076,4275.603904667092,3804.1441407682523
425.1082548765477,0,43.2642885997562,520.4873745001565,0,25.780286751380864,746.4105181534339,0,56.901975005640104,433.4193349674248,301.6713789924974,71.10538627917049,2293.1073952293823,0,80.15569356396237,2117.989414299225,0,106.94370698592452,542.2356829274732,0,85.17725367636929,0,359.4944178483671,283.06941672230005,0,36.06738950920796,447.5267006965056,0,10.430930784200873,944.7008982871121,33.63555350779498,472.0197653485064,35.74726544528356,39.0506376856423,883.0800444725004,0,0,41.22607375428021,584.6759140614134,0,129.50585957603565,403.0598102818347,4.294737620984346,120.393635711659,1695.0614482508881,104.95010915856174,277.0015216067375,18.68946812455609,367.85287624177533,898.0533276942716,0,17.488086555451506,639.0615769387197,0,30.326361562021155,655.3945775941618,0,206.70116391160704,469.4127306295756,47.118025999002846,57.262581145533154
2939.099432353741,0,308.34389811572277,3805.373746522361,0,217.0971515905757,4184.710368951823,0,238.12239540403738,3452.6516639514175,1488.7678443785587,475.55282343509225,2885.353869029493,0,490.32740672330107,3207.241113081683,0,725.2977050712061,3515.4695042164176,0,1023.0051601337136,0,1291.1944834830626,1946.5224736604719,0,588.3934916011965,2518.101678577607,0,186.95437482452334,2221.2901384724596,428.68842706013214,2258.112655722662,126.84513545100619,405.52585288936234,3230.780650509148,0,0,282.58599646115704,3511.817877637859,0,808.2689235892578,2881.4488564829035,4.294737620984346,1806.8525170584412,3307.7798640630485,1262.4214569288865,931.7323908590263,41.116829874023395,3875.697904083345,4539.829713393529,0,248.91376530592643,3952.1261497224755,0,344.3305635687819,3894.312296543374,0,2945.674183941736,4379.028410761799,489.74190659569626,430.4237349439242
7715.618356662546,0,109.1908236089085,7808.046808979718,0,96.33686101831796,6607.537385892612,0,147.82143506899985,5256.647774981024,2567.4715632002158,320.2586598013839,10971.834008802725,0,218.54950823299114,4469.389906908977,0,774.6563390647098,8166.764171556679,0,477.69511340149376,0,616.9869593522149,4122.324451126892,0,362.08830252381324,4080.710082678759,0,90.66885989343837,4719.153895193449,352.18403084632394,4094.9316521014653,31.134715065246976,460.34694040959096,12941.071383428309,0,0,172.39994479062634,6356.939667941854,0,601.0595482676008,6615.014487894328,0,1293.994588554445,10931.539647902351,696.8989262831115,3616.9241744726637,3.737893624911218,8022.135525080636,7290.210497880598,0,52.464259666354515,6869.5811748775,0,213.54812933256565,6619.183208550068,0,4471.464754299853,5529.9109486362195,344.10437168968747,312.0810672431557
2221.367492199086,23.873100440148935,290.4887948840773,2425.75091793213,0,161.4660064954907,2763.4282542321794,0,221.42290273933867,2351.8432645208786,993.8178329579677,497.16886086396005,3048.9360897463293,0,298.70520179695353,3932.7439234428934,0,278.327852796701,1807.200542124573,0,533.0164224902697,0,840.8935171816477,2270.60669898149,0,515.5515088669138,2059.709382720033,0,191.7686505710776,2725.959302557417,494.64049276169095,1913.7090939016366,36.90040304029271,439.3196739634759,1858.2971667558172,0,0,386.0259633355329,2790.1908485710696,0,322.24105059213576,2301.416943814267,0,833.2756361460492,2343.763874536477,626.6805079252248,235.91517151195828,28.034202186834133,3518.6353788779948,2686.7625092138337,0,143.40230975470234,2740.1584385923156,0,165.5313901926988,2539.427469314153,0,1747.0995903765515,2717.4168573773627,329.82618199301993,303.49168007132573
