category,over_represented_pvalue,under_represented_pvalue,numDEInCat,numInCat,bh_adjust,gene,pattern
ko00340,0.01819578018061347,0.9988848550090129,2,20,1,Montipora_capitata_HIv3___RNAseq.g30106.t1a,1
ko00340,0.01819578018061347,0.9988848550090129,2,20,1,Montipora_capitata_HIv3___RNAseq.g30158.t1,1
ko01524,0.022614952146503622,0.9968898144701361,3,56,1,Montipora_capitata_HIv3___RNAseq.27502_t,1
ko01524,0.022614952146503622,0.9968898144701361,3,56,1,Montipora_capitata_HIv3___RNAseq.g39730.t1,1
ko01524,0.022614952146503622,0.9968898144701361,3,56,1,Montipora_capitata_HIv3___RNAseq.g18416.t1,1
ko04130,0.02862379604549508,0.9977262062509472,2,26,1,Montipora_capitata_HIv3___RNAseq.g11410.t1,1
ko04130,0.02862379604549508,0.9977262062509472,2,26,1,Montipora_capitata_HIv3___RNAseq.g23082.t1,1
ko00511,0.037036308947663264,0.996598929305228,2,29,1,Montipora_capitata_HIv3___TS.g48661.t1,2
ko00511,0.037036308947663264,0.996598929305228,2,29,1,Montipora_capitata_HIv3___RNAseq.g31500.t1,2
ko04512,0.05570374647737377,0.9935735482202492,2,32,1,Montipora_capitata_HIv3___TS.g14781.t1,1
ko04512,0.05570374647737377,0.9935735482202492,2,32,1,Montipora_capitata_HIv3___RNAseq.g40180.t1,1
ko00600,0.05911389742430588,0.9929010211347292,2,38,1,Montipora_capitata_HIv3___TS.g48661.t1,2
ko00600,0.05911389742430588,0.9929010211347292,2,38,1,Montipora_capitata_HIv3___RNAseq.g27818.t1,1
ko04390,0.06755899331530636,0.9855740641418392,3,89,1,Montipora_capitata_HIv3___RNAseq.g19903.t1,1
ko04390,0.06755899331530636,0.9855740641418392,3,89,1,Montipora_capitata_HIv3___RNAseq.g33365.t1,1
ko04390,0.06755899331530636,0.9855740641418392,3,89,1,Montipora_capitata_HIv3___RNAseq.g35580.t1,1
ko03460,0.06977610884179958,0.9908001578958819,2,39,1,Montipora_capitata_HIv3___TS.g29264.t2,3
ko03460,0.06977610884179958,0.9908001578958819,2,39,1,Montipora_capitata_HIv3___RNAseq.g17086.t1,1
ko00380,0.07674476700368749,0.9892973025723851,2,42,1,Montipora_capitata_HIv3___RNAseq.g30106.t1a,1
ko00380,0.07674476700368749,0.9892973025723851,2,42,1,Montipora_capitata_HIv3___RNAseq.g30158.t1,1
ko05200,0.08006108854166605,0.9692345576240796,6,276,1,Montipora_capitata_HIv3___RNAseq.g43906.t1,3
ko05200,0.08006108854166605,0.9692345576240796,6,276,1,Montipora_capitata_HIv3___RNAseq.g19903.t1,1
ko05200,0.08006108854166605,0.9692345576240796,6,276,1,Montipora_capitata_HIv3___RNAseq.27502_t,1
ko05200,0.08006108854166605,0.9692345576240796,6,276,1,Montipora_capitata_HIv3___RNAseq.g39730.t1,1
ko05200,0.08006108854166605,0.9692345576240796,6,276,1,Montipora_capitata_HIv3___RNAseq.g17086.t1,1
ko05200,0.08006108854166605,0.9692345576240796,6,276,1,Montipora_capitata_HIv3___RNAseq.g18416.t1,1
ko04115,0.08110190371896929,0.9883134245273816,2,44,1,Montipora_capitata_HIv3___RNAseq.g8767.t1,1
ko04115,0.08110190371896929,0.9883134245273816,2,44,1,Montipora_capitata_HIv3___RNAseq.27502_t,1
ko00480,0.08419624079748324,0.9875901343746,2,46,1,Montipora_capitata_HIv3___RNAseq.g48280.t1,1
ko00480,0.08419624079748324,0.9875901343746,2,46,1,Montipora_capitata_HIv3___RNAseq.g18416.t1,1
ko04711,0.08605377332054485,0.9966244213934042,1,9,1,Montipora_capitata_HIv3___TS.g46137.t1a,2
ko04122,0.09755620974611467,0.9955889788877824,1,10,1,Montipora_capitata_HIv3___RNAseq.g46103.t2,1
ko00330,0.09964456483790002,0.983781994439984,2,51,1,Montipora_capitata_HIv3___RNAseq.g30106.t1a,1
ko00330,0.09964456483790002,0.983781994439984,2,51,1,Montipora_capitata_HIv3___RNAseq.g30158.t1,1
ko00983,0.10814152731955251,0.9815294160697041,2,53,1,Montipora_capitata_HIv3___TS.g22153.t1,2
ko00983,0.10814152731955251,0.9815294160697041,2,53,1,Montipora_capitata_HIv3___RNAseq.g18416.t1,1
ko04950,0.11590183859134746,0.9936164722910814,1,12,1,Montipora_capitata_HIv3___RNAseq.g17086.t1,1
ko05210,0.1334514113881314,0.9741385892759598,2,61,1,Montipora_capitata_HIv3___RNAseq.g19903.t1,1
ko05210,0.1334514113881314,0.9741385892759598,2,61,1,Montipora_capitata_HIv3___RNAseq.g39730.t1,1
ko00730,0.1560126122245028,0.9879926321187116,1,16,1,Montipora_capitata_HIv3___RNAseq.g46103.t2,1
ko00910,0.15728941538255087,0.9877890551439095,1,16,1,Montipora_capitata_HIv3___RNAseq.g33790.t1,3
ko04214,0.18801141595211324,0.9550438182380112,2,74,1,Montipora_capitata_HIv3___RNAseq.27502_t,1
ko04214,0.18801141595211324,0.9550438182380112,2,74,1,Montipora_capitata_HIv3___RNAseq.g33365.t1,1
ko04111,0.18833070667835777,0.9549527812282383,2,71,1,Montipora_capitata_HIv3___RNAseq.g43906.t1,3
ko04111,0.18833070667835777,0.9549527812282383,2,71,1,Montipora_capitata_HIv3___RNAseq.27502_t,1
ko04392,0.18856578622247303,0.9820046829392963,1,20,1,Montipora_capitata_HIv3___RNAseq.g33365.t1,1
ko04975,0.18887639763664818,0.9819430749348852,1,20,1,Montipora_capitata_HIv3___RNAseq.g27818.t1,1
ko03008,0.19094765884063455,0.9539255325495313,2,72,1,Montipora_capitata_HIv3___RNAseq.g6962.t1,3
ko03008,0.19094765884063455,0.9539255325495313,2,72,1,Montipora_capitata_HIv3___RNAseq.g41393.t1,1
ko00565,0.20166535553655318,0.9792153979926422,1,22,1,Montipora_capitata_HIv3___RNAseq.g27818.t1,1
ko05224,0.20501404570449616,0.948245338987021,2,77,1,Montipora_capitata_HIv3___RNAseq.g19903.t1,1
ko05224,0.20501404570449616,0.948245338987021,2,77,1,Montipora_capitata_HIv3___RNAseq.g17086.t1,1
ko04142,0.20928518140328248,0.9266034295855443,3,150,1,Montipora_capitata_HIv3___RNAseq.g7364.t1,1
ko04142,0.20928518140328248,0.9266034295855443,3,150,1,Montipora_capitata_HIv3___TS.g48661.t1,2
ko04142,0.20928518140328248,0.9266034295855443,3,150,1,Montipora_capitata_HIv3___RNAseq.g19248.t1,3
ko05217,0.20969662373463632,0.9774097315143914,1,23,1,Montipora_capitata_HIv3___RNAseq.g19903.t1,1
ko03430,0.22293930658542593,0.974326669710019,1,23,1,Montipora_capitata_HIv3___RNAseq.g39730.t1,1
ko04550,0.22473090006876684,0.9398349969058959,2,83,1,Montipora_capitata_HIv3___RNAseq.g19903.t1,1
ko04550,0.22473090006876684,0.9398349969058959,2,83,1,Montipora_capitata_HIv3___RNAseq.g35580.t1,1
ko00980,0.23646145804093016,0.9708152418352263,1,26,1,Montipora_capitata_HIv3___RNAseq.g18416.t1,1
ko05222,0.23911910230473638,0.9333654280062881,2,87,1,Montipora_capitata_HIv3___RNAseq.g43906.t1,3
ko05222,0.23911910230473638,0.9333654280062881,2,87,1,Montipora_capitata_HIv3___RNAseq.27502_t,1
ko00982,0.27200891637055474,0.9605675403869636,1,31,1,Montipora_capitata_HIv3___RNAseq.g18416.t1,1
ko03020,0.2835285436009467,0.9569442797295945,1,31,1,Montipora_capitata_HIv3___RNAseq.g38474.t1,3
ko04215,0.28469243001822386,0.9565277823374169,1,32,1,Montipora_capitata_HIv3___RNAseq.27502_t,1
ko04623,0.2885068228512632,0.9552813321543443,1,32,1,Montipora_capitata_HIv3___RNAseq.g38474.t1,3
ko04210,0.2890889589390709,0.9087043885774494,2,101,1,Montipora_capitata_HIv3___RNAseq.g41261.t1,1
ko04210,0.2890889589390709,0.9087043885774494,2,101,1,Montipora_capitata_HIv3___RNAseq.27502_t,1
ko00970,0.2903742657466575,0.9547507836894813,1,30,1,Montipora_capitata_HIv3___RNAseq.g44142.t1,2
ko04330,0.2937651094924003,0.9535303713100542,1,32,1,Montipora_capitata_HIv3___RNAseq.g17086.t1,1
ko05225,0.29716875803790266,0.9044104837272902,2,102,1,Montipora_capitata_HIv3___RNAseq.g19903.t1,1
ko05225,0.29716875803790266,0.9044104837272902,2,102,1,Montipora_capitata_HIv3___RNAseq.g18416.t1,1
ko04011,0.31616342617781434,0.945508688758842,1,35,1,Montipora_capitata_HIv3___RNAseq.g29575.t1,1
ko05213,0.3205833428612177,0.943786026771266,1,37,1,Montipora_capitata_HIv3___RNAseq.g19903.t1,1
ko03022,0.3255817991435999,0.9418529699631405,1,38,1,Montipora_capitata_HIv3___RNAseq.g5394.t1,1
ko03440,0.3382215432113897,0.9369335912921994,1,37,1,Montipora_capitata_HIv3___TS.g29264.t2,3
ko04350,0.33949209498136973,0.9363819646419519,1,38,1,Montipora_capitata_HIv3___RNAseq.g24646.t1,1
ko04216,0.3452850794756591,0.9339796220865719,1,39,1,Montipora_capitata_HIv3___RNAseq.g48280.t1,1
ko05204,0.34610816792435517,0.9335659138475407,1,41,1,Montipora_capitata_HIv3___RNAseq.g18416.t1,1
ko05416,0.3465707342916309,0.9334481659381271,1,39,1,Montipora_capitata_HIv3___TS.g15697.t1,1
ko00250,0.3472952047836869,0.933147596265804,1,39,1,Montipora_capitata_HIv3___RNAseq.g33790.t1,3
ko05134,0.3541863302540361,0.9301718570113277,1,41,1,Montipora_capitata_HIv3___RNAseq.27502_t,1
ko05146,0.3542150402147045,0.9302784666387209,1,38,1,Montipora_capitata_HIv3___RNAseq.g35029.t1,1
ko05014,0.3700142609352214,0.9231211142748069,1,44,1,Montipora_capitata_HIv3___RNAseq.27502_t,1
ko03030,0.3751206209263778,0.9208330458890064,1,43,1,Montipora_capitata_HIv3___RNAseq.g6929.t1,2
ko00270,0.40372032675190206,0.9068235628987156,1,49,1,Montipora_capitata_HIv3___RNAseq.g48280.t1,1
ko05166,0.40538079799503157,0.8380475725884605,2,129,1,Montipora_capitata_HIv3___RNAseq.g19903.t1,1
ko05166,0.40538079799503157,0.8380475725884605,2,129,1,Montipora_capitata_HIv3___RNAseq.27502_t,1
ko04810,0.40709621520510375,0.8369193342363181,2,124,1,Montipora_capitata_HIv3___RNAseq.g19903.t1,1
ko04810,0.40709621520510375,0.8369193342363181,2,124,1,Montipora_capitata_HIv3___TS.g5110.t1,3
ko00561,0.4120908664915753,0.9024939272428485,1,50,1,Montipora_capitata_HIv3___RNAseq.g27818.t1,1
ko01522,0.4545345605999971,0.8786751671755675,1,55,1,Montipora_capitata_HIv3___RNAseq.g15684.t2,2
ko00562,0.45826689189983233,0.8764754505256931,1,54,1,Montipora_capitata_HIv3___RNAseq.g29575.t1,1
ko04113,0.45840194931219475,0.8763598765118321,1,55,1,Montipora_capitata_HIv3___RNAseq.27502_t,1
ko04666,0.4725391950398962,0.8675933598192782,1,57,1,Montipora_capitata_HIv3___RNAseq.g27818.t1,1
ko00564,0.4738796012151235,0.8666538704488652,1,60,1,Montipora_capitata_HIv3___RNAseq.g27818.t1,1
ko05231,0.49779147205425994,0.850940676817658,1,62,1,Montipora_capitata_HIv3___RNAseq.g27818.t1,1
ko04391,0.5097246402139086,0.8425870937236634,1,66,1,Montipora_capitata_HIv3___RNAseq.g33365.t1,1
ko04070,0.5293696091786506,0.8284258087712404,1,65,1,Montipora_capitata_HIv3___RNAseq.g29575.t1,1
ko04072,0.5419650254178892,0.8187763172052823,1,69,1,Montipora_capitata_HIv3___RNAseq.g27818.t1,1
ko05165,0.5468396129622548,0.7252557454586697,2,164,1,Montipora_capitata_HIv3___RNAseq.g19903.t1,1
ko05165,0.5468396129622548,0.7252557454586697,2,164,1,Montipora_capitata_HIv3___RNAseq.g17086.t1,1
ko01230,0.5618336567133735,0.8028136021759595,1,77,1,Montipora_capitata_HIv3___RNAseq.g33790.t1,3
ko04922,0.5691531326053562,0.796760931628192,1,78,1,Montipora_capitata_HIv3___TS.g5420.t1,2
ko05226,0.5752263941046598,0.7916401408344711,1,79,1,Montipora_capitata_HIv3___RNAseq.g19903.t1,1
ko05164,0.5900758784681368,0.778713447048919,1,83,1,Montipora_capitata_HIv3___RNAseq.g48479.t1,3
ko05161,0.5977052269883939,0.7718431965117144,1,86,1,Montipora_capitata_HIv3___RNAseq.27502_t,1
ko04310,0.5982660728452192,0.7713603585596647,1,85,1,Montipora_capitata_HIv3___RNAseq.g19903.t1,1
ko03018,0.6092668212683103,0.7612594799269705,1,86,1,Montipora_capitata_HIv3___RNAseq.g26803.t1,1
ko04934,0.6136443073525266,0.757095174613244,1,89,1,Montipora_capitata_HIv3___RNAseq.g19903.t1,1
ko04114,0.6179190959600451,0.7530467464693249,1,89,1,Montipora_capitata_HIv3___RNAseq.27502_t,1
ko04919,0.6265069564501955,0.7447917529291297,1,88,1,Montipora_capitata_HIv3___RNAseq.g15684.t2,2
ko04145,0.6294098055594998,0.7419032902453031,1,90,1,Montipora_capitata_HIv3___RNAseq.g23082.t1,1
ko05418,0.6305859421797146,0.7406794280075243,1,93,1,Montipora_capitata_HIv3___RNAseq.g18416.t1,1
ko05012,0.6308531426399109,0.7403541747627042,1,96,1,Montipora_capitata_HIv3___RNAseq.27502_t,1
ko00240,0.6374715047776369,0.7338005233041665,1,94,1,Montipora_capitata_HIv3___RNAseq.g38474.t1,3
ko05152,0.6539104759999813,0.7167890091675798,1,99,1,Montipora_capitata_HIv3___RNAseq.27502_t,1
ko04110,0.6735084576211423,0.6955619937977773,1,101,1,Montipora_capitata_HIv3___RNAseq.27502_t,1
ko04140,0.6832612465803494,0.6844667721740187,1,107,1,Montipora_capitata_HIv3___RNAseq.g11410.t1,1
ko05010,0.7006459650086014,0.6640135395622868,1,114,1,Montipora_capitata_HIv3___RNAseq.27502_t,1
ko03010,0.7227956827022268,0.6364401375535572,1,126,1,Montipora_capitata_HIv3___RNAseq.g9870.t1,1
ko05206,0.7663689233834015,0.5771528986772325,1,130,1,Montipora_capitata_HIv3___RNAseq.g19903.t1,1
ko04120,0.7707485298831963,0.5707132879285202,1,134,1,Montipora_capitata_HIv3___RNAseq.27502_t,1
ko05169,0.77951346571785,0.5575910145853251,1,141,1,Montipora_capitata_HIv3___RNAseq.g38474.t1,3
ko05203,0.7802881883379066,0.5564226066788402,1,141,1,Montipora_capitata_HIv3___RNAseq.27502_t,1
ko03013,0.7915851729233873,0.5390542140869561,1,142,1,Montipora_capitata_HIv3___TS.g15697.t1,1
ko01100,0.8029236157447063,0.3022668630139156,9,1065,1,Montipora_capitata_HIv3___TS.g48661.t1,2
ko01100,0.8029236157447063,0.3022668630139156,9,1065,1,Montipora_capitata_HIv3___RNAseq.g27818.t1,1
ko01100,0.8029236157447063,0.3022668630139156,9,1065,1,Montipora_capitata_HIv3___RNAseq.g29575.t1,1
ko01100,0.8029236157447063,0.3022668630139156,9,1065,1,Montipora_capitata_HIv3___RNAseq.g30106.t1a,1
ko01100,0.8029236157447063,0.3022668630139156,9,1065,1,Montipora_capitata_HIv3___RNAseq.g30158.t1,1
ko01100,0.8029236157447063,0.3022668630139156,9,1065,1,Montipora_capitata_HIv3___RNAseq.g33790.t1,3
ko01100,0.8029236157447063,0.3022668630139156,9,1065,1,Montipora_capitata_HIv3___RNAseq.g46103.t2,1
ko01100,0.8029236157447063,0.3022668630139156,9,1065,1,Montipora_capitata_HIv3___RNAseq.g48280.t1,1
ko01100,0.8029236157447063,0.3022668630139156,9,1065,1,Montipora_capitata_HIv3___RNAseq.g38474.t1,3
ko04010,0.812945067187244,0.5043881324901752,1,153,1,Montipora_capitata_HIv3___RNAseq.g45000.t1,1
ko00230,0.8171984661743021,0.4972032085902097,1,155,1,Montipora_capitata_HIv3___RNAseq.g38474.t1,3
ko05016,0.8319120086481293,0.47159558720712413,1,159,1,Montipora_capitata_HIv3___RNAseq.27502_t,1
ko01120,0.8482865277323497,0.44143413230724515,1,177,1,Montipora_capitata_HIv3___RNAseq.g33790.t1,3
ko01110,0.8495455750067376,0.3494857070251447,2,313,1,Montipora_capitata_HIv3___RNAseq.g27818.t1,1
ko01110,0.8495455750067376,0.3494857070251447,2,313,1,Montipora_capitata_HIv3___RNAseq.g33790.t1,3
ko01130,0.8971369680454345,0.3401231567919838,1,215,1,Montipora_capitata_HIv3___RNAseq.g33790.t1,3
