"","list","gene_id","baseMean","log2FoldChange","lfcSE","stat","pvalue","padj"
"1","LRT","Montipora_capitata_HIv3___TS.g26493.t2a",164.366804395959,-3.69674916734459,1.32539354409516,69.2006263004388,5.96341595246523e-13,7.49303214427256e-09
"2","LRT","Montipora_capitata_HIv3___RNAseq.g5198.t1",153.191895057319,2.72310024871424,0.767241647394529,27.5624261763836,0.000113571297596712,0.0377570346578947
"3","LRT","Montipora_capitata_HIv3___TS.g28558.t3a",589.690662899895,-0.210380321015106,0.228698200214969,32.909161525607,1.09163733628156e-05,0.00508015671495473
"4","LRT","Montipora_capitata_HIv3___RNAseq.g6929.t1",836.173003762134,-0.841749409378846,0.206080685664864,29.2036959609292,5.56673546068008e-05,0.0218581347073266
"5","LRT","Montipora_capitata_HIv3___RNAseq.g7017.t1",44.6198883576997,-1.02994279346307,0.96249355846269,48.3995662261111,9.83138492195827e-09,2.47062703088811e-05
"6","LRT","Montipora_capitata_HIv3___TS.g42133.t1",605.876856331397,5.58576916376618,1.47300820609034,37.5737217828325,1.36082295496439e-06,0.0011399160286085
"7","LRT","Montipora_capitata_HIv3___RNAseq.g10964.t1",2392.56717705494,1.56902068180115,1.30943076355721,36.6120428522235,2.09563245681337e-06,0.001316581090993
"8","LRT","Montipora_capitata_HIv3___RNAseq.g10966.t1",2533.90000574731,1.77835117221852,1.30059499592992,38.8393152899688,7.69585864310902e-07,0.000743834337312806
"9","LRT","Montipora_capitata_HIv3___RNAseq.g10968.t1",2294.01314899394,1.48740916018537,1.30854172670603,37.0274812836625,1.73930076137122e-06,0.00127768915161433
"10","LRT","Montipora_capitata_HIv3___RNAseq.g11051.t1",1996.94719187419,1.56714245369674,1.27167065052599,37.3914796609226,1.47698491010886e-06,0.00115989471221986
"11","LRT","Montipora_capitata_HIv3___RNAseq.g11053.t1",2109.96518296803,1.61387036842385,1.30099624943869,39.7420578463971,5.11888501018611e-07,0.000551148484177229
"12","LRT","Montipora_capitata_HIv3___RNAseq.g11129.t1",31.1865634583676,6.27326278436628,1.20959075551802,36.8270671565753,1.90297884667619e-06,0.00127768915161433
"13","LRT","Montipora_capitata_HIv3___RNAseq.g11828.t1",3196.32750248385,0.974536473267513,1.00382177031901,27.070796688014,0.000140451305871663,0.0430431867872548
"14","LRT","Montipora_capitata_HIv3___TS.g8038.t2",711.895237206984,3.90231946849438,1.55084505815356,42.4281710054598,1.51337240361877e-07,0.00021128360279411
"15","LRT","Montipora_capitata_HIv3___RNAseq.g25096.t1",35.58883005436,5.42314294232358,1.34587725812791,27.8706960188994,9.93798981260641e-05,0.035677383427257
"16","LRT","Montipora_capitata_HIv3___TS.g9507.t1",51.5402607664659,-2.95564450853095,0.76265295927305,31.5327396669231,2.00513144932597e-05,0.00899802737885031
"17","LRT","Montipora_capitata_HIv3___TS.g9699.t2",96.5599753072669,-0.0500159529016852,0.610067186551787,34.8654761387633,4.57597980987888e-06,0.00244323364360664
"18","LRT","Montipora_capitata_HIv3___RNAseq.g40764.t1",117.99151564869,0.579855007989367,0.627004279267743,53.7136028597687,8.42618781734371e-10,2.64687624812309e-06
"19","LRT","Montipora_capitata_HIv3___TS.g48661.t1",176.18284652168,-1.05694901679356,0.455649756804039,40.6687588033468,3.36491722769129e-07,0.000422801849659411
"20","LRT","Montipora_capitata_HIv3___TS.g50653.t2",93.410675881291,-3.20250010250521,0.821268873862642,27.5499169888901,0.000114187609789097,0.0377570346578947
"21","LRT","Montipora_capitata_HIv3___TS.g50862.t1",803.908417926983,-0.0656989320100338,1.30773101399745,28.0021360496843,9.38757519377216e-05,0.0346926124440433
"22","LRT","Montipora_capitata_HIv3___RNAseq.g15050.t1",2429.50842052207,1.44701977361789,1.51074855369578,34.8214274479755,4.66674153971822e-06,0.00244323364360664
"23","LRT","Montipora_capitata_HIv3___RNAseq.g15087.t1",2969.17170911463,2.41808857278017,1.4482344173036,56.9433661771412,1.87579227521217e-10,1.08397128160102e-06
"24","LRT","Montipora_capitata_HIv3___TS.g45793.t1b",95.2026191577959,-0.21870999296552,0.564899917116003,56.2524954230813,2.58807309574459e-10,1.08397128160102e-06
"25","LRT","Montipora_capitata_HIv3___RNAseq.g45264.t1",957.082820453719,2.79482767326293,1.52135357067313,27.3038624699327,0.000127004655835028,0.0409182948863365
"26","LRT","Montipora_capitata_HIv3___RNAseq.g20279.t1",151.324927791196,-5.80454367037722,1.30066068594634,46.9007439270919,1.95839214582813e-08,4.10119955205507e-05
"27","LRT","Montipora_capitata_HIv3___RNAseq.g20824.t1a",133.631089292912,1.31802032757484,0.698456853759494,37.7532162833087,1.25529463473208e-06,0.00112662693467204
"28","LRT","Montipora_capitata_HIv3___RNAseq.g21373.t1",61.2849858161482,4.29046205448565,0.963674550398734,44.0751296677787,7.14278981589389e-08,0.000112186442545883
"29","LRT","Montipora_capitata_HIv3___RNAseq.g21376.t1",56.8349526188214,3.2902943303837,0.992335628867644,26.9538498193006,0.000147718809385339,0.0441925438077805
"30","LRT","Montipora_capitata_HIv3___RNAseq.g28195.t1",63.7622947914806,1.86062749562415,0.591575052741303,26.6721482068585,0.0001667842666016,0.0476282797692977
"31","LRT","Montipora_capitata_HIv3___RNAseq.g30158.t1",3095.83874908619,0.189520589640694,0.870190816494268,29.5570558293933,4.77101489543629e-05,0.0193380006971474
"32","LRT","Montipora_capitata_HIv3___TS.g15697.t1",60.9572088149124,-0.235610538566339,0.680593165730459,39.6803787367242,5.26365444498747e-07,0.000551148484177229
"33","LRT","Montipora_capitata_HIv3___RNAseq.g33315.t1",5769.8964411513,1.58935768595238,1.36542424457271,44.1976432418643,6.75408573372683e-08,0.000112186442545883
"34","LRT","Montipora_capitata_HIv3___RNAseq.g47569.t1",8848.92873364285,0.596296759628498,1.02767248275557,34.4476072396249,5.51252939088705e-06,0.00277059727185983
"35","LRT","Montipora_capitata_HIv3___RNAseq.g49676.t1",64.934372666008,3.93871514462601,1.06789188926462,29.7746735689602,4.33811640949661e-05,0.018169477561775
"36","LRT","Montipora_capitata_HIv3___RNAseq.g49798.t1",1938.33691601661,-0.0774536550116525,1.04060235780651,27.2150646584176,0.000131970866903666,0.0414553485661141
"37","LRT","Montipora_capitata_HIv3___RNAseq.g39019.t1",6712.10141165226,0.424756998948996,1.07656061944338,31.2913468141289,2.23001457411237e-05,0.00966211487024896
"38","LRT","Montipora_capitata_HIv3___RNAseq.g39262.t1",65.1204949666541,0.505121849467374,0.460930362613084,35.9046686863351,2.87675642127132e-06,0.00172125925872734
"39","LRT","Montipora_capitata_HIv3___RNAseq.g39743.t1",72.6538046679283,-0.204257240677495,0.897576505255004,28.5441747432267,7.41884105821173e-05,0.0282477993625547
"40","LRT","Montipora_capitata_HIv3___RNAseq.g15918.t2",81.9700340743802,0.745068553839045,0.820892125137566,26.7878605909227,0.000158675508695889,0.0463664596921824
"41","LRT","Montipora_capitata_HIv3___RNAseq.g18178.t1",79.4910092257589,-0.0581422369862897,0.785050763584134,35.19258291344,3.95461701951266e-06,0.00225862558409894
"42","LRT","Montipora_capitata_HIv3___RNAseq.g35580.t1",3967.36224822694,0.637040838987721,0.946303646546538,33.4333915130948,8.65263060036388e-06,0.00418155013436816
"43","LRT","Montipora_capitata_HIv3___RNAseq.g7741.t1",2809.97516157454,0.698994876023375,1.00141314410792,27.5888873729928,0.000112278395252967,0.0377570346578947
"44","LRT","Montipora_capitata_HIv3___RNAseq.g12501.t1",33.2495166283178,-2.01251350674149,0.858585846768408,36.7932813567391,1.9320408977853e-06,0.00127768915161433
"45","prawnchip_high.int","Montipora_capitata_HIv3___RNAseq.g11129.t1",31.1865634583676,5.76284773039822,1.21460555015897,4.74462489459559,2.0889306240135e-06,0.0262474132907297
"46","prawnchip_mid.int","Montipora_capitata_HIv3___TS.g26493.t2a",164.366804395959,-7.6703193439523,1.2342432389595,-6.21459296015149,5.14578634335825e-10,6.46568054042964e-06
"47","prawnchip_mid.int","Montipora_capitata_HIv3___RNAseq.g7017.t1",44.6198883576997,-3.89417082766296,0.896100037516558,-4.34568760699445,1.38840047454898e-05,0.0436131299067697
"48","prawnchip_mid.int","Montipora_capitata_HIv3___RNAseq.g11410.t1",784.153030735519,-3.37473020464454,0.787091188136183,-4.28759749252921,1.80615993249175e-05,0.0453887991035176
"49","prawnchip_mid.int","Montipora_capitata_HIv3___TS.g48661.t1",176.18284652168,-1.98317840521659,0.442900129405583,-4.47771015076969,7.54479432350721e-06,0.0316001135582894
"50","prawnchip_mid.int","Montipora_capitata_HIv3___RNAseq.g20279.t1",151.324927791196,-7.486206109519,1.29315257626082,-5.78911278293669,7.07591763442498e-09,4.44544525382749e-05
"51","prawnchip_low.int","Montipora_capitata_HIv3___TS.g26493.t2a",164.366804395959,-6.27307192490126,1.26679802598672,-4.951911667225,7.34879628600667e-07,0.00307792084445579
"52","prawnchip_low.int","Montipora_capitata_HIv3___TS.g9699.t2",96.5599753072669,3.56771161010325,0.808655996056951,4.41190274665568,1.02466139749408e-05,0.0143054116216813
"53","prawnchip_low.int","Montipora_capitata_HIv3___RNAseq.g40764.t1",117.99151564869,4.85893998308751,1.06262870052928,4.57256610956147,4.81787142351972e-06,0.00983343752465954
"54","prawnchip_low.int","Montipora_capitata_HIv3___RNAseq.g41130.t1",56.9387018471078,5.84688565781999,1.42498508291575,4.10312060660755,4.07614624462953e-05,0.0491506674337665
"55","prawnchip_low.int","Montipora_capitata_HIv3___RNAseq.g41946.t1",66.0335878314548,5.50716726847463,1.3516082708644,4.07452912740212,4.61075424706446e-05,0.0491506674337665
"56","prawnchip_low.int","Montipora_capitata_HIv3___TS.g48661.t1",176.18284652168,-2.0855592505769,0.458809672789761,-4.54558692691851,5.47823817529779e-06,0.00983343752465954
"57","prawnchip_low.int","Montipora_capitata_HIv3___TS.g23059.t1a",587.853553345556,17.1410449812122,1.74000764541453,9.85113199150834,6.77762680250372e-23,8.51608807734592e-19
"58","prawnchip_low.int","Montipora_capitata_HIv3___TS.g45793.t1b",95.2026191577959,6.48755601087807,1.16769565727566,5.55586206941469,2.76244951980819e-08,0.000173550891081949
"59","prawnchip_low.int","Montipora_capitata_HIv3___RNAseq.g20824.t1a",133.631089292912,4.29277720347247,0.964801299607603,4.44938994715119,8.61145418252942e-06,0.0135253652254353
"60","prawnchip_low.int","Montipora_capitata_HIv3___TS.g15697.t1",60.9572088149124,5.71433240597649,1.23345189816417,4.63279712365072,3.60758029363003e-06,0.00906584927789226
"61","prawnchip_low.int","Montipora_capitata_HIv3___RNAseq.g48280.t1",94.064448579666,3.41297922315465,0.838495673516841,4.07035996839416,4.69405498770552e-05,0.0491506674337665
"62","prawnchip_low.int","Montipora_capitata_HIv3___RNAseq.g18178.t1",79.4910092257589,6.15106225927266,1.29903175732385,4.73511307525272,2.18933003058588e-06,0.00687723295857789
"63","earlygastrula_high.int","Montipora_capitata_HIv3___RNAseq.g11129.t1",31.1865634583676,6.27326278436628,1.20959075551802,5.1862687902899,2.14549092206742e-07,0.00269580934357772
"64","earlygastrula_high.int","Montipora_capitata_HIv3___RNAseq.g20279.t1",151.324927791196,-5.80454367037722,1.30066068594634,-4.46276552608642,8.09085733105655e-06,0.0356003980471364
"65","earlygastrula_high.int","Montipora_capitata_HIv3___RNAseq.g21373.t1",61.2849858161482,4.29046205448565,0.963674550398734,4.45218985259123,8.4998960717397e-06,0.0356003980471364
"66","earlygastrula_mid.int","Montipora_capitata_HIv3___RNAseq.g11410.t1",784.153030735519,-3.27402934736413,0.774401428041332,-4.22781935674502,2.35967116664374e-05,0.0485410342362051
"67","earlygastrula_mid.int","Montipora_capitata_HIv3___TS.g8038.t2",711.895237206984,-5.03758888573885,1.25524132624208,-4.01324333450707,5.98901179735316e-05,0.0485410342362051
"68","earlygastrula_mid.int","Montipora_capitata_HIv3___RNAseq.g41393.t1",444.987930434197,-1.52681811021137,0.374854794081138,-4.07309212612308,4.63930626002221e-05,0.0485410342362051
"69","earlygastrula_mid.int","Montipora_capitata_HIv3___RNAseq.g15050.t1",2429.50842052207,-5.80547750998273,1.44662992302862,-4.01310481524436,5.99252878613827e-05,0.0485410342362051
"70","earlygastrula_mid.int","Montipora_capitata_HIv3___RNAseq.g15087.t1",2969.17170911463,-5.49455294961929,1.31193955268023,-4.1881144130415,2.81281711925073e-05,0.0485410342362051
"71","earlygastrula_mid.int","Montipora_capitata_HIv3___RNAseq.g23104.t1",1449.37590966705,-5.27660026222485,1.32635111371925,-3.97828313155227,6.94146841165364e-05,0.0485410342362051
"72","earlygastrula_mid.int","Montipora_capitata_HIv3___RNAseq.g33315.t1",5769.8964411513,-5.82889300810629,1.30580358919871,-4.463835952299,8.05052109337027e-06,0.0485410342362051
"73","earlygastrula_mid.int","Montipora_capitata_HIv3___TS.g983.t1",517.909763126735,-4.15161175854633,1.03003533231111,-4.03055276679809,5.56458346520973e-05,0.0485410342362051
"74","earlygastrula_mid.int","Montipora_capitata_HIv3___RNAseq.g49798.t1",1938.33691601661,-4.06910628420819,1.02898142818339,-3.95449924824394,7.6695112984524e-05,0.0485410342362051
"75","earlygastrula_mid.int","Montipora_capitata_HIv3___RNAseq.g39019.t1",6712.10141165226,-4.46488380193484,1.06936632539745,-4.17526127005673,2.97644246917701e-05,0.0485410342362051
"76","earlygastrula_mid.int","Montipora_capitata_HIv3___RNAseq.g35580.t1",3967.36224822694,-3.72211198527466,0.937608504078858,-3.96979332960659,7.1934999623999e-05,0.0485410342362051
"77","earlygastrula_low.int","Montipora_capitata_HIv3___TS.g26493.t2a",164.366804395959,-5.99243205722639,1.26004300658479,-4.75573613433102,1.97724590906091e-06,0.00414068247455839
"78","earlygastrula_low.int","Montipora_capitata_HIv3___RNAseq.g9870.t1",154.31682319449,-2.22594230113262,0.50973335257599,-4.36687591636606,1.26036279976107e-05,0.0175960650877753
"79","earlygastrula_low.int","Montipora_capitata_HIv3___TS.g9699.t2",96.5599753072669,3.54529121699705,0.797230002090906,4.4470117879392,8.707306140953e-06,0.0136759127076343
"80","earlygastrula_low.int","Montipora_capitata_HIv3___RNAseq.g40764.t1",117.99151564869,5.08773574295038,1.05292410152086,4.83200615847009,1.3516407293533e-06,0.00339667315286485
"81","earlygastrula_low.int","Montipora_capitata_HIv3___TS.g48661.t1",176.18284652168,-2.38579950339972,0.4544936618352,-5.24935704002143,1.5263099564317e-07,0.000639269486752146
"82","earlygastrula_low.int","Montipora_capitata_HIv3___RNAseq.g12860.t1",574.033798772282,-1.32761371632596,0.313802592975198,-4.23072895522852,2.32935214722464e-05,0.0292683097298776
"83","earlygastrula_low.int","Montipora_capitata_HIv3___TS.g23059.t1a",587.853553345556,17.216059843489,1.72375706817606,9.98752095717622,1.72850449273716e-23,2.17186589512425e-19
"84","earlygastrula_low.int","Montipora_capitata_HIv3___TS.g45793.t1b",95.2026191577959,6.42693852479377,1.16542874133147,5.51465593464871,3.49462943380407e-08,0.000219550094178741
"85","earlygastrula_low.int","Montipora_capitata_HIv3___RNAseq.g20824.t1a",133.631089292912,3.95372100981876,0.958828728329477,4.12349035130304,3.73174099038872e-05,0.0426266595856675
"86","earlygastrula_low.int","Montipora_capitata_HIv3___TS.g15697.t1",60.9572088149124,5.6036304997746,1.22831674456481,4.56204030806399,5.06589185132038e-06,0.00909327587312008
"87","earlygastrula_low.int","Montipora_capitata_HIv3___RNAseq.g18178.t1",79.4910092257589,6.36916681471117,1.29329622140288,4.92475483134274,8.44661882317342e-07,0.00265329413782935
"88","cleavage_low.vs.control","Montipora_capitata_HIv3___TS.g26493.t2a",164.366804395959,6.16745993625084,1.17879519641638,5.23200294249616,1.67683080846151e-07,0.000421387582166378
"89","cleavage_low.vs.control","Montipora_capitata_HIv3___RNAseq.g5394.t1",704.537037919669,0.762736015840144,0.18125214674596,4.20814886628176,2.57471231282132e-05,0.0175331194886404
"90","cleavage_low.vs.control","Montipora_capitata_HIv3___TS.g28558.t3a",589.690662899895,0.907673010394734,0.183857347570801,4.93683294351453,7.94014293411114e-07,0.00142525565667295
"91","cleavage_low.vs.control","Montipora_capitata_HIv3___RNAseq.g9530.t2",213.736765494876,1.3219290352465,0.319804159748567,4.13355797587441,3.57190139654627e-05,0.0204004277489109
"92","cleavage_low.vs.control","Montipora_capitata_HIv3___RNAseq.g9870.t1",154.31682319449,1.8154489773033,0.416660426566056,4.35714279915059,1.31771301898326e-05,0.0118264743453748
"93","cleavage_low.vs.control","Montipora_capitata_HIv3___TS.g38156.t1c",156.202865040426,2.14641578813216,0.556354095270954,3.85800303507574,0.00011431722881788,0.0398998883360185
"94","cleavage_low.vs.control","Montipora_capitata_HIv3___RNAseq.g24946.t1",38.8124872788884,2.98816524172704,0.706742716246271,4.22808070467016,2.3569325560303e-05,0.0175331194886404
"95","cleavage_low.vs.control","Montipora_capitata_HIv3___TS.g9699.t2",96.5599753072669,-3.37289370367202,0.697247673691798,-4.83743988102989,1.31522146608599e-06,0.00194834165113862
"96","cleavage_low.vs.control","Montipora_capitata_HIv3___RNAseq.g40764.t1",117.99151564869,-4.69871114788553,0.977960897881585,-4.80460022283474,1.55061014814056e-06,0.00194834165113862
"97","cleavage_low.vs.control","Montipora_capitata_HIv3___RNAseq.g40947.t1",120.086608097084,-1.53163397840348,0.386901139441958,-3.95872180839946,7.53519423110817e-05,0.0329773010431492
"98","cleavage_low.vs.control","Montipora_capitata_HIv3___RNAseq.g41130.t1",56.9387018471078,-5.33909669559531,1.27503894368407,-4.18739891988604,2.82169620211111e-05,0.0175331194886404
"99","cleavage_low.vs.control","Montipora_capitata_HIv3___RNAseq.g41946.t1",66.0335878314548,-4.87140272247436,1.23179260326577,-3.95472639595265,7.66222862459074e-05,0.0329773010431492
"100","cleavage_low.vs.control","Montipora_capitata_HIv3___TS.g48661.t1",176.18284652168,2.10755228237983,0.370734315962555,5.68480497120396,1.30962024818297e-08,5.48512613947299e-05
"101","cleavage_low.vs.control","Montipora_capitata_HIv3___TS.g50653.t2",93.410675881291,3.02697624141486,0.749121164624373,4.04070313903447,5.32911814906252e-05,0.0291132041491176
"102","cleavage_low.vs.control","Montipora_capitata_HIv3___RNAseq.g12860.t1",574.033798772282,1.19245445802793,0.247187979019926,4.82407948297439,1.40651324455263e-06,0.00194834165113862
"103","cleavage_low.vs.control","Montipora_capitata_HIv3___TS.g21346.t1",226.191863717717,-5.29360013977201,1.39434714948245,-3.79647216386313,0.000146769834428469,0.0472862299895824
"104","cleavage_low.vs.control","Montipora_capitata_HIv3___TS.g23059.t1a",587.853553345556,-17.0576734292587,1.49117058596004,-11.4391160809255,2.66587678813499e-30,3.34967418429162e-26
"105","cleavage_low.vs.control","Montipora_capitata_HIv3___RNAseq.g15285.t1",210.233101069908,0.918422600167021,0.240900496189888,3.81245624103273,0.000137592594734492,0.0454960777062867
"106","cleavage_low.vs.control","Montipora_capitata_HIv3___TS.g45793.t1b",95.2026191577959,-6.46040255169616,1.11081584598594,-5.81590780779871,6.0305698263629e-09,3.78870549341249e-05
"107","cleavage_low.vs.control","Montipora_capitata_HIv3___RNAseq.g45000.t1",344.679219435675,-1.0309412259228,0.260725810025462,-3.95412032979058,7.6816745226162e-05,0.0329773010431492
"108","cleavage_low.vs.control","Montipora_capitata_HIv3___TS.g46137.t1a",255.694656314207,-1.50612426417209,0.359262991212585,-4.19226110401357,2.76187857408387e-05,0.0175331194886404
"109","cleavage_low.vs.control","Montipora_capitata_HIv3___RNAseq.g19088.t1",368.078628196126,-0.904994753041245,0.228965583374927,-3.95253618339369,7.73272317780154e-05,0.0329773010431492
"110","cleavage_low.vs.control","Montipora_capitata_HIv3___RNAseq.g20824.t1a",133.631089292912,-4.0800663950219,0.856434386609015,-4.76401515261036,1.89778244227115e-06,0.00216778512610336
"111","cleavage_low.vs.control","Montipora_capitata_HIv3___RNAseq.g22859.t1",945.677644632878,-0.589273189604085,0.149240513252606,-3.94848005250876,7.86489681155407e-05,0.0329773010431492
"112","cleavage_low.vs.control","Montipora_capitata_HIv3___RNAseq.g23082.t1",77.2610464820442,-2.54140129967521,0.608163232066413,-4.1788144459836,2.93032637693154e-05,0.0175331194886404
"113","cleavage_low.vs.control","Montipora_capitata_HIv3___RNAseq.g23537.t1",28.1775177600092,3.17005360100724,0.802908059108638,3.94821494820532,7.87360948105432e-05,0.0329773010431492
"114","cleavage_low.vs.control","Montipora_capitata_HIv3___TS.g15697.t1",60.9572088149124,-5.78088872502826,1.15227874481325,-5.01691865015278,5.2506786863414e-07,0.00109957962823133
"115","cleavage_low.vs.control","Montipora_capitata_HIv3___RNAseq.g31500.t1",80.1057805316617,-2.33882314687966,0.600072242544096,-3.89756929426343,9.71630250805898e-05,0.0381516690668003
"116","cleavage_low.vs.control","Montipora_capitata_HIv3___RNAseq.g34657.t1",95.830445364071,-2.40323854170978,0.616144801107578,-3.90044440428571,9.60162742775512e-05,0.0381516690668003
"117","cleavage_low.vs.control","Montipora_capitata_HIv3___RNAseq.g46103.t2",101.847284800075,2.43700297206749,0.626943390843849,3.88711805189836,0.000101441426968706,0.0386245918139935
"118","cleavage_low.vs.control","Montipora_capitata_HIv3___RNAseq.g48280.t1",94.064448579666,-3.18658456475349,0.727812331191567,-4.37830526934938,1.19605741603767e-05,0.0115603549480872
"119","cleavage_low.vs.control","Montipora_capitata_HIv3___RNAseq.g39262.t1",65.1204949666541,-2.0891308291533,0.49214080283527,-4.2449860225318,2.18607047500992e-05,0.0175331194886404
"120","cleavage_low.vs.control","Montipora_capitata_HIv3___RNAseq.g39295.t2",403.598832523852,1.02479878001013,0.265278712465976,3.86310220855573,0.000111956136919965,0.0398998883360185
"121","cleavage_low.vs.control","Montipora_capitata_HIv3___RNAseq.g39743.t1",72.6538046679283,-5.66927861623504,1.23902308204369,-4.57560371424553,4.74848649012234e-06,0.0049720610623656
"122","cleavage_low.vs.control","Montipora_capitata_HIv3___RNAseq.g15918.t2",81.9700340743802,-5.01853914524403,1.19414427799691,-4.20262378484304,2.63838885553883e-05,0.0175331194886404
"123","cleavage_low.vs.control","Montipora_capitata_HIv3___RNAseq.g16310.t1",52.6844857087675,-2.70726438917685,0.671829926168698,-4.02968710342482,5.58511459133298e-05,0.0292404020167079
"124","cleavage_low.vs.control","Montipora_capitata_HIv3___RNAseq.g18178.t1",79.4910092257589,-6.24531531806158,1.19234994848702,-5.23782076393453,1.62483743127423e-07,0.000421387582166378
"125","cleavage_low.vs.control","Montipora_capitata_HIv3___RNAseq.g35361.t1",81.0467648746121,-2.14806414330601,0.558226118122477,-3.84801798692392,0.000119077312430198,0.040438011640147
"126","cleavage_low.vs.control","Montipora_capitata_HIv3___RNAseq.g36818.t1",201.588780674891,-1.61125374067636,0.417141302773236,-3.86260897677703,0.000112182494645781,0.0398998883360185
"127","cleavage_mid.vs.control","Montipora_capitata_HIv3___TS.g26493.t2a",164.366804395959,7.64942704906648,1.14351471037064,6.68939977745204,2.24087790487545e-11,2.81566308747601e-07
"128","cleavage_mid.vs.control","Montipora_capitata_HIv3___RNAseq.g6929.t1",836.173003762134,0.710549287038229,0.157632055354633,4.50764462494426,6.55512479361348e-06,0.0030505608530279
"129","cleavage_mid.vs.control","Montipora_capitata_HIv3___RNAseq.g7017.t1",44.6198883576997,3.40502642747556,0.753205260906506,4.52071514128499,6.16310741935893e-06,0.00297844018170173
"130","cleavage_mid.vs.control","Montipora_capitata_HIv3___RNAseq.g7364.t1",266.948133151095,1.02060450936828,0.260539963819621,3.91726664272845,8.95586708536115e-05,0.0190729610046717
"131","cleavage_mid.vs.control","Montipora_capitata_HIv3___RNAseq.g8767.t1",835.905125762227,3.2426760968387,0.82726073026277,3.91977520292629,8.86316010900614e-05,0.0190729610046717
"132","cleavage_mid.vs.control","Montipora_capitata_HIv3___RNAseq.g8958.t1",196.862194433398,2.48650902337241,0.677873089686199,3.6681040466195,0.000244355749525247,0.0420715908588468
"133","cleavage_mid.vs.control","Montipora_capitata_HIv3___RNAseq.g9870.t1",154.31682319449,1.50856611256517,0.39159914927208,3.8523222416835,0.000117002908903376,0.0226175623133987
"134","cleavage_mid.vs.control","Montipora_capitata_HIv3___RNAseq.g10763.t1",1064.71997166166,4.0998994685453,1.0320413396505,3.9726116687668,7.1088891455536e-05,0.0171129006144587
"135","cleavage_mid.vs.control","Montipora_capitata_HIv3___RNAseq.g10964.t1",2392.56717705494,4.56942408502923,0.942312413864656,4.8491604459384,1.23985107621096e-06,0.000865484931810594
"136","cleavage_mid.vs.control","Montipora_capitata_HIv3___RNAseq.g10966.t1",2533.90000574731,4.48569229368806,0.932655106998579,4.80959387883874,1.51237254313232e-06,0.000997227622593439
"137","cleavage_mid.vs.control","Montipora_capitata_HIv3___RNAseq.g10968.t1",2294.01314899394,4.61095012654198,0.94110856588803,4.89948800135623,9.60867177723186e-07,0.000710193887534813
"138","cleavage_mid.vs.control","Montipora_capitata_HIv3___RNAseq.g11051.t1",1996.94719187419,4.3298670633007,0.911450723023768,4.7505223858249,2.0289183126723e-06,0.00115878902721488
"139","cleavage_mid.vs.control","Montipora_capitata_HIv3___RNAseq.g11053.t1",2109.96518296803,4.65870398385888,0.92315058549849,5.04652659819658,4.49914283663414e-07,0.000513924815839163
"140","cleavage_mid.vs.control","Montipora_capitata_HIv3___RNAseq.g11410.t1",784.153030735519,3.60516602679146,0.599253842195877,6.01609163419105,1.78678452336435e-09,5.61273688401825e-06
"141","cleavage_mid.vs.control","Montipora_capitata_HIv3___RNAseq.g11828.t1",3196.32750248385,3.5379156092212,0.748935127229981,4.72392798867182,2.31332359877301e-06,0.00126377873993838
"142","cleavage_mid.vs.control","Montipora_capitata_HIv3___RNAseq.g467.t1",2888.28884410455,3.6385037929444,0.937348249757369,3.88169903116181,0.000103729205857182,0.0213665159277949
"143","cleavage_mid.vs.control","Montipora_capitata_HIv3___RNAseq.g516.t1",64.2302999678121,2.42130179586492,0.611378918127337,3.96039464900328,7.48259990304898e-05,0.0171129006144587
"144","cleavage_mid.vs.control","Montipora_capitata_HIv3___RNAseq.g527.t1b",1518.3890787753,2.10336837324797,0.471156060490363,4.46427107625202,8.03417958941563e-06,0.00356698387518976
"145","cleavage_mid.vs.control","Montipora_capitata_HIv3___RNAseq.g611.t1",1374.21198045637,1.30282272898553,0.357521669692256,3.64403850011933,0.000268393245930968,0.0449648151349682
"146","cleavage_mid.vs.control","Montipora_capitata_HIv3___TS.g40145.t1",118.67848162272,1.90778348322167,0.485518397352434,3.92937423921512,8.51672042153412e-05,0.0190729610046717
"147","cleavage_mid.vs.control","Montipora_capitata_HIv3___RNAseq.g3338.t1",1718.71930761809,2.47035437223384,0.611482713361403,4.0399414705511,5.3464542041228e-05,0.0147899459963355
"148","cleavage_mid.vs.control","Montipora_capitata_HIv3___RNAseq.g24646.t1",1358.90838097383,2.78453968196259,0.689759411962892,4.03697236118671,5.41454449527602e-05,0.0147899459963355
"149","cleavage_mid.vs.control","Montipora_capitata_HIv3___TS.g7987.t1",359.355138346127,2.42822969634058,0.548257119678687,4.42899801787102,9.46718929686386e-06,0.00396446949341039
"150","cleavage_mid.vs.control","Montipora_capitata_HIv3___TS.g8038.t2",711.895237206984,4.89942357232318,0.979204966504753,5.00347091764817,5.63071640940899e-07,0.000544230397570953
"151","cleavage_mid.vs.control","Montipora_capitata_HIv3___RNAseq.g26524.t1",1912.54417850428,3.19974466409508,0.799050618428476,4.0044329987356,6.21664070001261e-05,0.0159412429378895
"152","cleavage_mid.vs.control","Montipora_capitata_HIv3___RNAseq.g26744.t1",377.746338030592,1.65801997714248,0.423217280797162,3.91765660896331,8.9413955117105e-05,0.0190729610046717
"153","cleavage_mid.vs.control","Montipora_capitata_HIv3___RNAseq.g26803.t1",1486.17194619507,2.97743288326285,0.766097355957216,3.88649413825823,0.00010170238127135,0.0212981736779086
"154","cleavage_mid.vs.control","Montipora_capitata_HIv3___RNAseq.g41251.t1",459.43121915733,0.876446302215503,0.242215064375425,3.61846322182934,0.000296357604598578,0.0483601727504044
"155","cleavage_mid.vs.control","Montipora_capitata_HIv3___RNAseq.g41271.t2",118.662624185294,2.64684727218025,0.633421516649893,4.17865071300257,2.9324364293768e-05,0.0105274467814627
"156","cleavage_mid.vs.control","Montipora_capitata_HIv3___RNAseq.g41393.t1",444.987930434197,1.32067166356397,0.296178192890327,4.4590442350798,8.23259310628754e-06,0.00356698387518976
"157","cleavage_mid.vs.control","Montipora_capitata_HIv3___RNAseq.g41524.t1",497.997723703085,1.91932204814368,0.530144668525076,3.62037413954091,0.00029417732401133,0.0483601727504044
"158","cleavage_mid.vs.control","Montipora_capitata_HIv3___TS.g48661.t1",176.18284652168,1.73221417593507,0.350024172202084,4.94884157581835,7.46564809213677e-07,0.000609997574839846
"159","cleavage_mid.vs.control","Montipora_capitata_HIv3___TS.g50653.t2",93.410675881291,3.36597644874542,0.707626187376605,4.75671549299803,1.96768176864529e-06,0.00115878902721488
"160","cleavage_mid.vs.control","Montipora_capitata_HIv3___TS.g50862.t1",803.908417926983,3.9710819760438,0.981289069239436,4.04680139678072,5.19222580414871e-05,0.0147899459963355
"161","cleavage_mid.vs.control","Montipora_capitata_HIv3___TS.g20760.t1b",64.9712904464491,2.64452405659522,0.720965880566847,3.66802941425745,0.000244427069852433,0.0420715908588468
"162","cleavage_mid.vs.control","Montipora_capitata_HIv3___RNAseq.g13110.t1",388.618538062394,2.21662876966856,0.559735585933806,3.96013550928794,7.49072450294653e-05,0.0171129006144587
"163","cleavage_mid.vs.control","Montipora_capitata_HIv3___RNAseq.g13590.t1",127.079567723993,2.36428424174964,0.611829068123835,3.86428884296016,0.00011141332139284,0.0225547427551323
"164","cleavage_mid.vs.control","Montipora_capitata_HIv3___RNAseq.g14800.t1",259.59010444693,2.27029597830225,0.592768261844719,3.82998909428281,0.000128148938243614,0.0243968395307729
"165","cleavage_mid.vs.control","Montipora_capitata_HIv3___RNAseq.g14802.t1",258.178422193412,2.49131347853631,0.605591139573289,4.11385391188474,3.89107735985313e-05,0.0125362530837319
"166","cleavage_mid.vs.control","Montipora_capitata_HIv3___TS.g23059.t1a",587.853553345556,4.11508032163741,1.03789547249571,3.96483117104493,7.34479121869513e-05,0.0171129006144587
"167","cleavage_mid.vs.control","Montipora_capitata_HIv3___RNAseq.g15050.t1",2429.50842052207,5.59207709315761,1.10400487899043,5.0652648367563,4.07832959162416e-07,0.000512442113187576
"168","cleavage_mid.vs.control","Montipora_capitata_HIv3___RNAseq.g15087.t1",2969.17170911463,5.55377440322267,1.00197838188146,5.54280861109408,2.97658152289299e-08,6.23345780585839e-05
"169","cleavage_mid.vs.control","Montipora_capitata_HIv3___RNAseq.g19868.t1",163.998686982382,2.45991829253878,0.613920272672532,4.00690187641174,6.15204061101442e-05,0.0159412429378895
"170","cleavage_mid.vs.control","Montipora_capitata_HIv3___RNAseq.g19903.t1",2602.80023318377,2.8290227816685,0.732784902412765,3.86064556236581,0.000113087846683114,0.0225547427551323
"171","cleavage_mid.vs.control","Montipora_capitata_HIv3___RNAseq.g20081.t1",57.8382709853765,3.2608291276818,0.87015825121381,3.74739781313706,0.000178678590557534,0.0320728070050774
"172","cleavage_mid.vs.control","Montipora_capitata_HIv3___TS.g33656.t1",1088.14667450261,3.17431525490308,0.798595653951589,3.97487168781351,7.04172100486801e-05,0.0171129006144587
"173","cleavage_mid.vs.control","Montipora_capitata_HIv3___RNAseq.g20279.t1",151.324927791196,7.33449803522693,1.17869872508455,6.22253836297383,4.89175117390059e-10,3.07324267500304e-06
"174","cleavage_mid.vs.control","Montipora_capitata_HIv3___TS.g34591.t3",1059.80916201364,2.64438758542503,0.702680963984634,3.76328336892709,0.000167696997996438,0.030537866374279
"175","cleavage_mid.vs.control","Montipora_capitata_HIv3___RNAseq.g23104.t1",1449.37590966705,5.03014771729111,1.01411363101986,4.96014210185937,7.04416309948183e-07,0.000609997574839846
"176","cleavage_mid.vs.control","Montipora_capitata_HIv3___TS.g37159.t1",167.944556172527,1.76792621690414,0.368324293740339,4.79991748290838,1.58731018319688e-06,0.000997227622593439
"177","cleavage_mid.vs.control","Montipora_capitata_HIv3___RNAseq.g27612.t1",1450.03226720792,3.0091259115878,0.687491772438818,4.37696279755201,1.2034450546859e-05,0.0046663723535838
"178","cleavage_mid.vs.control","Montipora_capitata_HIv3___RNAseq.27502_t",1025.7466365312,2.70978667179269,0.708887990807431,3.82258792211477,0.000132058368206083,0.024765871589693
"179","cleavage_mid.vs.control","Montipora_capitata_HIv3___RNAseq.g30106.t1a",1206.20593665785,1.66934655933912,0.40912140321197,4.08032077088428,4.49735951423905e-05,0.0137827615357106
"180","cleavage_mid.vs.control","Montipora_capitata_HIv3___RNAseq.g30158.t1",3095.83874908619,3.07663963710229,0.655291075663367,4.69507330614527,2.6651113168266e-06,0.00139529682066359
"181","cleavage_mid.vs.control","Montipora_capitata_HIv3___TS.g14891.t1",3035.21197101093,4.01471226232788,0.966137725022771,4.15542438551735,3.24684313075699e-05,0.0113323844272116
"182","cleavage_mid.vs.control","Montipora_capitata_HIv3___RNAseq.g32680.t1",97.732486480886,2.6146152697394,0.646916574066541,4.04165757155336,5.30746984697086e-05,0.0147899459963355
"183","cleavage_mid.vs.control","Montipora_capitata_HIv3___RNAseq.g33315.t1",5769.8964411513,5.98703449834794,0.993293410003706,6.02745818914232,1.66558319623572e-09,5.61273688401825e-06
"184","cleavage_mid.vs.control","Montipora_capitata_HIv3___RNAseq.g33355.t1",298.63483677138,2.85438516896809,0.718744295143428,3.97135001732221,7.14664878213153e-05,0.0171129006144587
"185","cleavage_mid.vs.control","Montipora_capitata_HIv3___RNAseq.g33365.t1",201.096595272219,2.31732187575661,0.615577467809112,3.76446831948567,0.000166903825801825,0.030537866374279
"186","cleavage_mid.vs.control","Montipora_capitata_HIv3___RNAseq.g46103.t2",101.847284800075,2.44764970132774,0.591387605399203,4.1388248231471,3.49089363054506e-05,0.011771949301878
"187","cleavage_mid.vs.control","Montipora_capitata_HIv3___TS.g983.t1",517.909763126735,4.27337616311158,0.809560182730622,5.27863925903274,1.30146736929787e-07,0.000233613392788968
"188","cleavage_mid.vs.control","Montipora_capitata_HIv3___RNAseq.g47569.t1",8848.92873364285,3.93376898581602,0.771475571402399,5.09901950448692,3.41417374152009e-07,0.00047665658958
"189","cleavage_mid.vs.control","Montipora_capitata_HIv3___RNAseq.g48712.t1",373.581594091004,1.8863883916292,0.461646522580848,4.0862181330497,4.38461579450594e-05,0.0137731743644918
"190","cleavage_mid.vs.control","Montipora_capitata_HIv3___RNAseq.g49798.t1",1938.33691601661,3.86667992863354,0.78255158582282,4.94111825812466,7.76757755466577e-07,0.000609997574839846
"191","cleavage_mid.vs.control","Montipora_capitata_HIv3___RNAseq.g39019.t1",6712.10141165226,4.65700892313206,0.808793114203431,5.75797301108168,8.51299615626115e-09,2.13931593406843e-05
"192","cleavage_mid.vs.control","Montipora_capitata_HIv3___RNAseq.g39730.t1",899.02255341101,1.22278846063213,0.32992497049702,3.70626224135154,0.000210340509443591,0.0372243450867425
"193","cleavage_mid.vs.control","Montipora_capitata_HIv3___RNAseq.g15684.t2",119.999352195322,2.81446843447315,0.680758216971722,4.13431430470719,3.56015975703433e-05,0.011771949301878
"194","cleavage_mid.vs.control","Montipora_capitata_HIv3___RNAseq.g15754.t1",1265.44371645062,3.21864366039405,0.803103846601247,4.00775525358946,6.12985952811493e-05,0.0159412429378895
"195","cleavage_mid.vs.control","Montipora_capitata_HIv3___RNAseq.g15857.t1",1384.40486075066,3.3594022818429,0.735037610364888,4.5703814804459,4.86837190679556e-06,0.00244684372035545
"196","cleavage_mid.vs.control","Montipora_capitata_HIv3___RNAseq.g15862.t1",477.957549125061,3.35964591523189,0.87184205044006,3.85350295221034,0.000116439858771519,0.0226175623133987
"197","cleavage_mid.vs.control","Montipora_capitata_HIv3___RNAseq.g17086.t1",1200.09673273207,2.65144773055768,0.725357184769916,3.6553683981206,0.000256812924132996,0.0436061404287986
"198","cleavage_mid.vs.control","Montipora_capitata_HIv3___RNAseq.g35079.t1",347.048547930897,2.68071307861903,0.606227547691891,4.42195853491876,9.78102302393332e-06,0.00396446949341039
"199","cleavage_mid.vs.control","Montipora_capitata_HIv3___TS.g5420.t1",564.559924184497,1.07514509520713,0.245860265925057,4.37299248482411,1.22554944423609e-05,0.0046663723535838
"200","cleavage_mid.vs.control","Montipora_capitata_HIv3___RNAseq.g35580.t1",3967.36224822694,3.63693889996224,0.7098755605585,5.12334710762665,3.00159049270995e-07,0.000471437306761256
"201","cleavage_mid.vs.control","Montipora_capitata_HIv3___RNAseq.g35661.t1",1928.02478384653,2.79599788691672,0.65490787841848,4.2692995138014,1.96087812032971e-05,0.00724659811233612
"202","cleavage_mid.vs.control","Montipora_capitata_HIv3___RNAseq.g8271.t1",48.2857165710984,3.36513374940683,0.827308286452573,4.06756925382222,4.75060923684437e-05,0.0142122393002261
"203","cleavage_mid.vs.control","Montipora_capitata_HIv3___RNAseq.g7741.t1",2809.97516157454,3.75923381458434,0.747661756093536,5.02798730033483,4.95654692978697e-07,0.000518991768106444
"204","cleavage_high.vs.control","Montipora_capitata_HIv3___RNAseq.g5198.t1",153.191895057319,-2.93332973420659,0.623319925427536,-4.70597780456739,2.52652007803806e-06,0.00793643119513705
"205","cleavage_high.vs.control","Montipora_capitata_HIv3___RNAseq.g6841.t1a",74.5650412208594,-3.01600960823009,0.658201323636216,-4.58219924500945,4.60111179687255e-06,0.00903352716547906
"206","cleavage_high.vs.control","Montipora_capitata_HIv3___TS.g28731.t1",408.63761005913,-1.19769651804518,0.29596268350428,-4.04678219518802,5.19265155972684e-05,0.0383798040282163
"207","cleavage_high.vs.control","Montipora_capitata_HIv3___TS.g42133.t1",605.876856331397,-5.74508962282831,1.26893440762277,-4.52749140406021,5.9688028298315e-06,0.0093747509446041
"208","cleavage_high.vs.control","Montipora_capitata_HIv3___RNAseq.g11129.t1",31.1865634583676,-6.22281558873731,1.0923879476227,-5.69652530703919,1.22273749138163e-08,0.000153636965792102
"209","cleavage_high.vs.control","Montipora_capitata_HIv3___RNAseq.g25096.t1",35.58883005436,-5.66435374424758,1.18323228065173,-4.78718662165607,1.69135544845321e-06,0.00709396408961058
"210","cleavage_high.vs.control","Montipora_capitata_HIv3___RNAseq.g41271.t2",118.662624185294,2.59118309703692,0.63980409004516,4.04996332057524,5.12256614999183e-05,0.0383798040282163
"211","cleavage_high.vs.control","Montipora_capitata_HIv3___TS.g50653.t2",93.410675881291,3.0448892413128,0.720277784260859,4.22738186273151,2.3642623533506e-05,0.0212192546213217
"212","cleavage_high.vs.control","Montipora_capitata_HIv3___RNAseq.g44142.t1",115.77499638259,-2.2276543331746,0.554136819810155,-4.0200438836347,5.8187301703641e-05,0.0406179692170138
"213","cleavage_high.vs.control","Montipora_capitata_HIv3___RNAseq.g20279.t1",151.324927791196,5.72974636278503,1.19696304791141,4.78690329896391,1.69374391315812e-06,0.00709396408961058
"214","cleavage_high.vs.control","Montipora_capitata_HIv3___RNAseq.g20522.t1",39.9651342369303,2.89425288865682,0.700009741746471,4.134589443621,3.555897457355e-05,0.0297865677011104
"215","cleavage_high.vs.control","Montipora_capitata_HIv3___RNAseq.g21373.t1",61.2849858161482,-4.1762695082402,0.91516142234441,-4.56342390126286,5.03260566321953e-06,0.00903352716547906
"216","cleavage_high.vs.control","Montipora_capitata_HIv3___RNAseq.g21376.t1",56.8349526188214,-3.74582750848553,0.844503966014921,-4.4355357218291,9.18435996894319e-06,0.0115401483009771
"217","cleavage_high.vs.control","Montipora_capitata_HIv3___RNAseq.g27818.t1",306.743237814662,-1.00479177370143,0.224202337932964,-4.48162933074258,7.40753206979653e-06,0.0103417378285548
"218","cleavage_high.vs.control","Montipora_capitata_HIv3___RNAseq.g49676.t1",64.934372666008,-4.2543777345341,0.975885318958113,-4.35950582705375,1.30356482904301e-05,0.0148902655244777
"219","cleavage_high.vs.control","Montipora_capitata_HIv3___RNAseq.g18416.t1",135.207912671469,1.38484750448635,0.302860472154023,4.57255941865556,4.81802532356991e-06,0.00903352716547906
"220","cleavage_high.vs.control","Montipora_capitata_HIv3___RNAseq.g35029.t1",103.933548351025,-2.41376651642684,0.565765513057646,-4.26637265919901,1.98676810387014e-05,0.0192028778654833
"221","cleavage_high.vs.control","Montipora_capitata_HIv3___RNAseq.g35090.t1",34.4508518318034,-3.14708144176002,0.733255898717019,-4.29192788938552,1.77128476901942e-05,0.0185468276022741
"222","earlygastrula_high.vs.control","Montipora_capitata_HIv3___TS.g29264.t2",2732.98561275649,1.25956592800137,0.358879869115223,3.50971463266157,0.000448587850217708,0.0493168324456025
"223","earlygastrula_high.vs.control","Montipora_capitata_HIv3___RNAseq.g1190.t1",2574.90731669212,1.33965308955528,0.324516491345259,4.12815103479594,3.65691894784869e-05,0.0109019858642574
"224","earlygastrula_high.vs.control","Montipora_capitata_HIv3___RNAseq.g27062.t1",2863.72946174146,0.914022457356212,0.258436923766254,3.53673323469408,0.000405108627317373,0.0493168324456025
"225","earlygastrula_high.vs.control","Montipora_capitata_HIv3___RNAseq.g43906.t1",1778.66329853631,1.21013541333589,0.345730118544618,3.50023138981951,0.000464854461783742,0.0493168324456025
"226","earlygastrula_high.vs.control","Montipora_capitata_HIv3___RNAseq.g44004.t1",3530.88687085655,2.4000954977224,0.455219797714462,5.27238821723626,1.34659855648329e-07,0.000314296103083199
"227","earlygastrula_high.vs.control","Montipora_capitata_HIv3___RNAseq.g44669.t1",4575.48154547593,2.24445759319609,0.503920683082941,4.45398982130423,8.42890980143119e-06,0.0049182688691351
"228","earlygastrula_high.vs.control","Montipora_capitata_HIv3___RNAseq.g45032.t2",2965.99803404454,1.10508045982899,0.300226303994678,3.68082491482352,0.000232480606219805,0.0418114674655668
"229","earlygastrula_high.vs.control","Montipora_capitata_HIv3___RNAseq.g21605.t1",7294.0122312494,1.56597456029941,0.379797662704359,4.12318114110772,3.73675608029388e-05,0.0109019858642574
"230","earlygastrula_high.vs.control","Montipora_capitata_HIv3___RNAseq.g22595.t1",6591.12035927362,1.36527445282556,0.365659903967407,3.73372753756249,0.00018866659013152,0.0400316201242698
"231","earlygastrula_high.vs.control","Montipora_capitata_HIv3___RNAseq.g28322.t1",6685.83876655107,2.04781787294937,0.437738820470184,4.67817286744129,2.89442486872196e-06,0.00225186254786569
"232","earlygastrula_high.vs.control","Montipora_capitata_HIv3___RNAseq.g29121.t1",1709.93347332793,1.95582626897977,0.467348719607933,4.18493982527767,2.85241652763285e-05,0.0109019858642574
"233","earlygastrula_high.vs.control","Montipora_capitata_HIv3___RNAseq.g33482.t1",5009.74487338411,1.11431623533115,0.278446624365793,4.00190247545355,6.28351991745935e-05,0.0162952616526113
"234","earlygastrula_high.vs.control","Montipora_capitata_HIv3___RNAseq.g33790.t1",2821.73410573723,1.07327730282193,0.299709360189642,3.58106033839853,0.000342202607115322,0.0487324227642475
"235","earlygastrula_high.vs.control","Montipora_capitata_HIv3___RNAseq.g34110.t1",3176.96301688008,1.1361284854849,0.312690075640426,3.63340116618021,0.000279709617690221,0.0466315891206411
"236","earlygastrula_high.vs.control","Montipora_capitata_HIv3___RNAseq.g34187.t2",4417.68647168768,0.78990626724534,0.224904409385201,3.51218666367915,0.000444435727629515,0.0493168324456025
"237","earlygastrula_high.vs.control","Montipora_capitata_HIv3___RNAseq.g46220.t1",3248.84096661327,1.20037460727512,0.334839783577592,3.5849223005992,0.000337178572688727,0.0487324227642475
"238","earlygastrula_high.vs.control","Montipora_capitata_HIv3___RNAseq.g47022.t1",1763.22902127684,1.07330538201824,0.300718285007101,3.56913907643792,0.000358156266868173,0.0487324227642475
"239","earlygastrula_high.vs.control","Montipora_capitata_HIv3___RNAseq.g48479.t1",5062.44090769761,1.13386699273537,0.308083890315302,3.68038390963884,0.000232883066432034,0.0418114674655668
"240","earlygastrula_high.vs.control","Montipora_capitata_HIv3___RNAseq.g38474.t1",3383.24338689408,1.22906933313706,0.318153525150856,3.86313284617634,0.000111942090689053,0.026127283966825
"241","earlygastrula_high.vs.control","Montipora_capitata_HIv3___TS.g5110.t1",3658.76685129027,1.59611477311603,0.368375099946872,4.332851958089,1.47190090185947e-05,0.00687083340988002
"242","earlygastrula_high.vs.control","Montipora_capitata_HIv3___RNAseq.g36323.t1",2623.25178092396,1.15344014996594,0.32431889323862,3.55650001900224,0.000375828453194711,0.0487324227642475
"243","earlygastrula_high.vs.control","Montipora_capitata_HIv3___RNAseq.g36979.t1",1833.46747476952,2.38906183225023,0.504364455261725,4.73677676395831,2.17144128485748e-06,0.00225186254786569
