gene_id,101112C14,101112C4,101112C9,101112H14,101112H4,101112H9,101112L14,101112L4,101112L9,101112M14,101112M4,101112M9,123C14,123C4,123C9,123H14,123H4,123H9,123L14,123L4,123L9,123M4,123M9,131415C14,131415C4,131415C9,131415H14,131415H4,131415H9,131415L14,131415L9,131415M14,131415M4,131415M9,13M14,456C4,456H4,456H9,456L14,456L4,456L9,456M14,456M4,456M9,45C14,45C9,45H14,67C9,6C14,789H14,789H4,789H9,789L14,789L4,789L9,789M14,789M4,7C14,89C14,89C9,89M9
Montipora_capitata_HIv3___TS.g28558.t3a,893,219,779,894,206,760,1003,290,812,1022,329,959,696,331,820,790,180,457,917,224,786,205,405,1213,276,861,958,140,803,1246,1021,1227,307,921,571,134,215,799,953,256,804,929,234,805,456,937,428,630,840,1128,182,889,1141,319,930,1189,181,824,1401,1084,673
Montipora_capitata_HIv3___TS.g9507.t1,115,12,111,58,38,138,153,6,145,142,17,122,125,19,157,76,21,59,47,0,63,43,54,67,7,67,60,30,108,93,88,55,23,82,63,6,0,60,35,0,86,31,13,42,59,75,0,118,73,19,25,102,61,0,113,90,14,144,77,39,71
Montipora_capitata_HIv3___TS.g9699.t2,334,21,47,262,25,62,384,9,61,179,80,45,323,62,82,291,24,40,211,0,42,30,38,168,38,50,290,28,100,381,132,325,33,49,169,19,55,17,145,0,85,118,45,50,120,39,69,54,91,485,21,60,361,0,57,437,33,70,409,107,42
Montipora_capitata_HIv3___RNAseq.g40764.t1,345,33,42,400,11,46,497,3,37,407,129,127,184,33,97,307,33,14,295,0,57,41,113,245,12,64,436,7,18,437,56,464,59,57,144,28,13,21,313,0,78,274,23,80,61,75,26,23,305,609,23,36,617,0,105,510,48,338,632,55,38
Montipora_capitata_HIv3___TS.g48661.t1,239,10,320,216,31,308,284,42,507,335,87,342,97,32,419,182,0,212,273,68,277,47,167,444,10,281,288,14,314,367,317,413,116,334,146,19,15,251,172,32,303,236,56,241,144,374,89,301,244,232,50,567,262,51,495,342,66,270,576,426,213
Montipora_capitata_HIv3___TS.g45793.t1b,170,67,229,107,23,224,194,0,295,181,45,220,66,12,322,121,15,203,68,0,186,23,204,165,4,222,153,34,105,148,226,161,50,117,89,12,11,132,144,0,165,176,33,98,42,190,67,175,103,118,32,235,81,0,262,120,29,116,118,144,154
Montipora_capitata_HIv3___RNAseq.g20824.t1a,225,39,338,182,13,205,263,5,376,193,85,478,264,14,329,277,20,157,135,0,240,56,223,195,42,298,306,0,254,237,377,349,109,233,63,22,12,349,201,0,167,115,0,121,72,226,72,98,111,173,0,480,187,0,415,300,23,195,252,292,228
Montipora_capitata_HIv3___RNAseq.g28195.t1,151,36,98,152,0,63,118,19,102,79,61,128,58,38,123,86,6,43,90,24,57,29,45,112,8,75,95,2,48,100,58,79,27,81,44,22,11,62,75,32,104,94,59,72,50,154,93,68,58,146,16,151,75,10,186,142,32,164,160,168,93
Montipora_capitata_HIv3___TS.g15697.t1,119,0,119,65,9,75,147,0,118,132,36,139,164,25,110,306,25,9,102,0,53,23,71,54,15,102,68,18,78,43,71,79,25,52,27,21,17,138,124,0,94,129,16,98,46,73,63,66,57,207,32,151,89,0,147,145,38,59,178,107,85
Montipora_capitata_HIv3___RNAseq.g47569.t1,24881,175,3337,36920,25,3073,28183,34,4460,36697,6580,9169,9943,42,7261,28574,12,2058,31556,18,11473,23,9076,29030,92,7203,20910,39,2142,20569,8614,31707,1073,7248,17777,24,21,3630,32085,11,7514,29014,57,12049,6102,10985,463,373,28836,23235,78,3010,31649,23,6010,37323,92,42181,52712,5989,3986
Montipora_capitata_HIv3___RNAseq.g39262.t1,162,27,80,98,21,115,191,4,91,152,69,87,119,38,61,121,11,46,84,0,72,52,27,161,28,78,139,10,103,170,90,161,48,156,48,20,20,99,131,0,57,55,26,80,49,136,66,76,65,147,12,87,146,14,76,133,59,136,115,89,59
Montipora_capitata_HIv3___RNAseq.g18178.t1,145,14,173,84,0,186,126,0,151,102,45,201,66,0,102,141,6,45,58,0,100,14,48,173,80,196,155,47,206,180,270,220,36,250,22,6,6,125,153,0,130,100,17,116,33,209,84,81,68,141,50,270,120,0,175,152,18,51,215,244,114
Montipora_capitata_HIv3___RNAseq.g35580.t1,17881,79,604,11797,24,394,22190,17,605,13461,3572,795,17181,79,795,20138,10,400,19378,10,823,34,583,9815,40,530,13769,42,414,18339,479,13886,111,368,11231,16,9,503,12814,41,705,9157,77,664,6362,647,1027,320,9007,22190,39,667,17586,56,570,16802,49,3993,19828,849,478
Montipora_capitata_HIv3___RNAseq.g5198.t1,498,28,237,376,0,169,368,5,312,370,128,289,283,93,340,417,0,125,401,18,236,61,184,266,41,180,330,0,91,375,124,346,68,105,283,6,0,161,196,0,173,273,21,238,182,175,70,134,287,438,23,205,429,0,238,460,10,362,503,219,107
Montipora_capitata_HIv3___RNAseq.g6962.t1,440,563,465,481,434,479,612,772,641,518,426,563,297,1045,714,522,618,645,510,721,475,723,452,517,477,597,437,524,543,467,447,585,398,465,329,433,597,503,440,729,795,375,344,470,253,509,528,521,418,422,726,502,605,371,623,528,578,583,629,615,457
Montipora_capitata_HIv3___RNAseq.g8767.t1,3437,17,64,2574,0,32,4951,5,63,2985,742,161,3199,6,228,3227,7,44,3401,12,231,47,163,1974,21,83,2546,0,47,3950,66,3290,25,86,2756,11,17,48,2299,11,143,2597,0,206,1857,151,187,35,2149,4195,29,25,3492,12,53,3706,19,1211,4060,114,44
Montipora_capitata_HIv3___RNAseq.g11410.t1,3301,4,185,2321,39,233,3350,19,299,2709,842,260,3836,30,257,2055,36,140,2350,21,213,42,164,1644,19,216,1831,12,150,2564,269,2613,53,314,3890,6,31,162,1901,10,193,2595,19,206,1068,183,379,176,1178,3671,46,261,3978,39,249,3587,27,1717,3515,372,214
Montipora_capitata_HIv3___RNAseq.g11828.t1,12970,56,269,10106,15,149,15951,23,278,11325,2728,595,10016,41,616,12511,4,326,14101,24,852,40,689,8155,68,528,9231,21,108,11535,468,10473,150,441,9336,13,18,258,13004,29,762,9223,9,1278,6087,836,1442,117,12199,16135,7,243,13968,18,422,14044,27,5209,16518,574,295
Montipora_capitata_HIv3___RNAseq.g516.t1,129,0,158,160,13,136,174,21,152,81,32,196,29,0,161,89,0,33,41,0,64,29,43,125,16,176,181,10,158,91,168,178,131,161,42,11,5,106,46,0,88,142,42,84,33,83,74,92,34,55,15,153,93,22,178,162,16,61,125,109,52
Montipora_capitata_HIv3___RNAseq.g24243.t1,799,148,670,598,131,877,697,300,701,880,241,834,345,158,643,648,81,274,817,132,554,141,343,806,204,816,990,122,688,978,971,1189,276,742,672,120,97,569,654,100,723,607,275,523,166,524,242,509,630,786,119,829,599,300,825,795,157,653,865,891,418
Montipora_capitata_HIv3___RNAseq.g44004.t1,446,5948,2131,681,3607,2315,302,4267,1662,425,4054,1831,203,10472,2924,296,6120,1302,373,3708,1392,15328,793,607,5939,2351,448,2997,2552,452,2788,682,5017,2338,130,3494,5041,1983,411,1113,1902,472,6831,990,73,1299,4199,1609,177,240,9718,1965,432,3865,1465,457,8058,405,547,1623,2855
Montipora_capitata_HIv3___RNAseq.g15143.t1,2382,1115,2587,2213,1115,2698,2417,1479,2598,2649,1449,2968,1148,2074,2552,1828,820,1636,2390,1051,1680,1565,1273,2560,1888,2541,2296,939,2747,2458,3074,2982,1514,2792,1085,908,1104,3134,1836,1413,2692,1617,1322,1914,499,2491,1452,1980,1903,1979,1404,3343,2297,1203,3475,2682,1238,2265,3500,3209,2149
Montipora_capitata_HIv3___RNAseq.g19248.t1,35,669,247,54,380,320,21,475,272,37,610,246,26,1307,443,18,522,297,43,607,244,1375,136,70,700,352,87,506,335,54,339,90,647,190,19,357,502,226,33,146,279,46,699,216,16,241,395,205,30,42,1015,317,15,276,195,36,837,97,62,291,444
Montipora_capitata_HIv3___RNAseq.g19868.t1,475,6,45,462,0,76,810,16,57,554,159,76,472,14,77,785,13,17,300,2,74,30,45,502,15,109,640,0,38,831,83,590,20,105,167,0,9,32,912,18,66,354,16,96,175,56,27,36,376,894,0,44,804,16,96,679,31,184,924,63,32
Montipora_capitata_HIv3___RNAseq.g19903.t1,7675,80,589,10896,17,514,12495,23,539,10461,2279,1958,5138,52,1525,9668,19,331,6406,16,2033,28,2541,10583,65,1640,8035,0,335,8799,1758,11208,263,1542,3932,42,77,565,8258,79,1464,6901,105,2645,2281,1954,240,158,8869,9943,36,402,11162,54,777,11050,17,9482,16358,833,560
Montipora_capitata_HIv3___TS.g33656.t1,4290,8,112,3259,11,197,3742,4,115,3091,782,359,6041,23,235,4655,0,122,2861,13,438,12,226,2297,23,508,2911,0,210,4661,437,3782,40,528,4289,11,18,271,4063,0,308,4233,9,764,2249,494,544,42,1932,4169,32,183,4161,7,227,4343,19,1825,4736,477,281
Montipora_capitata_HIv3___TS.g35729.t1a,1485,49,57,1448,11,51,1943,10,104,1839,622,247,1730,75,237,2955,30,60,653,38,657,75,335,1073,20,135,1232,0,65,2119,211,1368,84,254,1247,28,38,215,2338,12,187,2079,64,337,518,93,14,99,2405,3301,70,78,2816,5,221,3060,82,1423,3504,186,132
Montipora_capitata_HIv3___RNAseq.g23104.t1,6097,12,90,4969,15,150,7250,0,53,5416,1553,245,5841,13,180,5809,0,69,3715,21,308,16,195,4027,12,269,5377,7,63,6956,232,5880,42,230,2181,0,13,210,5256,0,361,3238,0,561,3077,371,240,23,2742,9317,22,47,7672,3,119,7760,9,1614,9774,238,98
Montipora_capitata_HIv3___TS.g37159.t1,307,0,348,293,23,419,254,19,457,371,81,380,201,19,425,395,16,173,338,9,336,47,206,352,21,307,357,5,211,365,343,426,104,189,180,18,29,302,243,7,279,330,57,339,100,243,114,186,303,199,51,392,234,0,277,331,22,311,315,360,188
Montipora_capitata_HIv3___RNAseq.27502_t,3672,23,208,2890,29,201,4477,15,253,2855,841,324,5046,47,330,6075,3,108,3013,6,457,56,359,2607,24,296,4167,13,118,5002,296,3510,34,191,2730,11,0,129,3535,0,243,2996,29,479,2230,365,271,79,2859,4574,38,173,3670,18,151,4066,18,1056,3831,221,192
Montipora_capitata_HIv3___RNAseq.g28322.t1,923,9200,3403,1445,6156,3910,860,6914,2494,876,7245,2730,658,21915,6213,841,11225,4841,1014,7378,2987,24773,2246,890,9540,3813,899,6880,4555,765,4686,968,8446,4064,820,6651,9873,3774,1030,5207,4263,731,12074,2598,517,4158,8781,2654,662,808,15511,2862,941,5804,2175,1016,13736,958,1349,3935,5463
Montipora_capitata_HIv3___RNAseq.g29575.t1,1085,31,310,1267,24,199,1604,22,307,1470,401,454,1171,70,370,2166,19,104,1036,22,561,59,447,1468,45,450,1272,13,162,1415,319,1828,76,332,896,22,19,316,1377,0,259,1241,44,419,520,320,118,124,1058,1485,34,253,1781,0,316,1670,28,890,2173,258,253
Montipora_capitata_HIv3___RNAseq.g30158.t1,10420,65,556,8325,82,458,13061,85,487,7656,2736,689,17451,122,556,24264,31,227,10878,0,526,165,474,6810,100,426,12267,32,329,15796,633,11455,117,306,9224,13,38,353,10747,10,506,9448,151,372,5977,406,721,369,4774,16624,95,482,12635,42,391,12130,196,1865,12241,830,293
Montipora_capitata_HIv3___RNAseq.g31500.t1,145,13,121,100,11,233,155,13,180,152,39,171,87,14,130,121,7,162,132,0,106,12,60,90,27,136,169,10,93,114,133,154,55,111,164,30,29,159,105,0,133,138,40,133,23,90,82,119,49,89,29,164,132,0,241,174,50,196,104,220,107
Montipora_capitata_HIv3___RNAseq.g49798.t1,8448,15,142,5296,39,184,8513,13,270,5222,1757,316,8027,35,261,6613,3,270,5326,0,644,26,267,4249,31,330,6213,0,142,7262,319,5306,81,307,6433,12,19,174,6120,21,465,4023,37,655,4559,550,2426,127,4497,12699,35,253,9336,14,323,10027,39,2868,10635,424,219
Montipora_capitata_HIv3___RNAseq.g39019.t1,28699,96,182,20626,16,274,29183,17,269,22414,7187,625,24742,30,516,30263,18,291,31880,53,1546,72,939,15030,13,714,18829,19,184,23901,695,21072,100,811,27864,34,50,373,26675,33,1113,18311,30,1725,13319,1054,3599,61,13113,35838,38,263,33867,18,424,34031,47,6890,34730,1079,571
Montipora_capitata_HIv3___RNAseq.g39730.t1,1994,68,1470,1813,72,1425,2635,56,1908,2121,404,2251,1749,104,2089,2382,38,519,1437,25,1322,137,1072,2021,143,1711,2010,63,952,2745,1721,2743,419,1226,848,28,22,1165,2240,20,885,1814,83,1036,649,1272,265,1018,1421,2561,46,1818,2431,43,1649,2458,112,1459,3102,1320,920
Montipora_capitata_HIv3___RNAseq.g15857.t1,5734,19,325,6181,15,315,7594,30,379,6515,1383,729,2353,22,582,3012,16,150,3624,0,830,48,658,4277,31,457,4740,0,127,5668,541,6507,152,488,1303,26,19,313,5258,14,464,3842,30,688,1218,552,58,141,5070,7244,33,254,6331,46,281,6589,39,3533,10570,438,284
Montipora_capitata_HIv3___RNAseq.g17086.t1,4184,23,109,4735,29,94,5009,33,134,5381,960,207,3038,104,177,6615,32,103,7079,36,302,57,113,3177,27,93,2295,16,65,3102,76,3774,89,90,4627,0,18,86,5624,0,174,3977,40,195,1309,89,273,52,5983,4131,17,48,4578,37,118,4783,58,2221,6801,286,89
Montipora_capitata_HIv3___RNAseq.g35661.t1,7362,64,463,7412,33,560,9265,34,574,8964,1663,873,5193,33,682,5727,12,349,6690,0,1028,33,855,5909,28,440,5525,14,226,6314,361,7445,143,548,4097,38,26,355,7361,15,804,5916,19,1024,2452,796,608,373,7725,8496,33,413,8202,31,492,8225,52,3726,11285,543,410
Montipora_capitata_HIv3___RNAseq.g36979.t1,286,2077,1190,235,1613,1258,174,1568,1036,179,1563,1162,100,6413,2225,154,3253,1924,229,2039,1083,7924,827,333,2933,1457,368,1833,1702,281,1573,401,2576,1486,109,1606,2769,1104,188,1151,1149,173,2564,715,21,950,2605,981,121,106,3443,1218,234,1502,965,215,3307,385,261,949,1626
Montipora_capitata_HIv3___RNAseq.g7741.t1,11819,40,274,8240,17,171,14681,17,298,9768,2486,546,9822,50,649,11926,4,326,12637,23,847,40,714,7645,36,477,8600,20,122,10898,456,9924,119,396,8987,12,16,225,9846,29,545,7008,5,946,4872,686,1063,140,9001,13562,4,202,13245,18,371,12439,27,4959,14088,495,277
Montipora_capitata_HIv3___RNAseq.g15509.t1,260,1718,1045,249,1316,1185,156,1327,936,171,1290,918,68,4735,1796,107,2424,1496,177,1534,772,5928,647,249,2026,1143,227,1231,1240,183,1145,330,1837,1191,42,1191,1959,912,122,733,850,132,2040,623,21,711,1833,860,111,138,3146,981,192,1272,891,243,2628,400,241,711,1310
Montipora_capitata_HIv3___RNAseq.g9870.t1,272,32,247,208,26,313,199,40,286,368,71,321,382,15,181,351,11,114,243,33,220,50,140,254,16,242,337,32,200,276,233,279,75,178,123,0,25,193,277,39,323,277,25,310,213,306,90,245,271,285,39,343,327,15,250,367,46,167,323,217,208
Montipora_capitata_HIv3___RNAseq.g12860.t1,1231,80,828,1107,182,939,1002,323,1060,1232,401,1001,539,155,670,829,143,589,758,98,645,173,341,1180,199,899,970,147,729,1024,825,1254,244,699,608,70,136,967,1131,160,889,1148,253,759,295,817,497,872,1036,1081,239,992,1141,133,985,1420,159,884,1868,946,715
Montipora_capitata_HIv3___RNAseq.g5394.t1,1375,286,1211,1111,224,1093,1143,281,1285,1438,374,1273,863,343,1141,1035,185,525,1351,259,752,289,580,1020,266,911,1054,198,799,888,932,1358,321,851,867,150,263,1188,1077,233,1148,1113,410,1049,356,1099,668,843,866,1057,350,1302,1043,319,1287,1097,355,1255,1675,1223,994
Montipora_capitata_HIv3___RNAseq.g9530.t2,299,34,482,187,37,612,186,58,548,268,108,454,176,78,537,216,6,373,253,64,417,42,292,335,67,436,280,36,353,252,533,271,116,370,218,29,35,432,209,91,457,252,67,370,47,386,163,485,133,164,65,637,245,82,572,322,36,349,249,538,345
Montipora_capitata_HIv3___TS.g38156.t1c,271,0,326,306,11,227,376,45,244,390,59,391,253,7,311,343,0,102,228,14,297,25,167,368,10,378,423,10,137,307,274,398,67,307,153,33,10,178,269,64,207,286,15,296,212,251,119,123,162,225,19,313,339,47,272,426,0,275,322,184,126
Montipora_capitata_HIv3___RNAseq.g40947.t1,152,59,192,114,51,210,220,13,176,162,53,295,88,58,261,163,53,110,200,0,177,92,217,215,86,175,213,34,161,248,187,330,104,140,147,21,50,130,193,0,157,196,46,155,37,168,76,188,189,189,68,281,233,39,242,249,39,143,335,175,140
Montipora_capitata_HIv3___TS.g50653.t2,122,0,182,194,17,176,221,14,99,177,43,197,127,8,191,206,17,113,126,3,165,0,103,115,0,164,153,7,84,174,118,175,31,104,84,0,11,183,183,0,129,214,17,121,192,144,95,88,198,266,4,199,253,26,115,197,24,175,251,154,131
Montipora_capitata_HIv3___TS.g22153.t1,177,7,201,119,41,152,147,11,142,93,52,257,39,40,106,86,6,51,94,2,126,48,58,121,96,90,146,8,153,101,158,150,44,104,38,44,20,217,125,0,138,143,34,166,40,171,113,150,61,89,54,174,137,28,225,156,33,181,169,167,154
Montipora_capitata_HIv3___RNAseq.g45000.t1,554,133,489,405,135,591,713,73,653,645,237,638,346,286,476,737,101,155,435,60,498,232,359,550,257,576,730,76,497,720,526,766,273,536,280,108,151,678,555,21,553,549,265,406,269,532,103,384,399,597,215,792,514,90,554,446,155,548,773,371,396
Montipora_capitata_HIv3___TS.g46137.t1a,534,58,598,462,41,577,449,28,576,534,74,707,392,69,527,302,33,342,344,12,403,46,337,503,39,439,494,48,384,539,442,545,123,481,248,35,26,414,303,0,440,426,37,341,115,487,240,382,451,434,13,470,469,9,645,589,50,476,665,490,302
Montipora_capitata_HIv3___RNAseq.g19088.t1,528,255,708,484,193,621,564,133,916,408,303,942,276,290,908,517,79,204,365,66,498,304,267,510,501,722,470,151,578,623,677,676,417,533,143,112,108,526,319,58,588,353,240,395,152,515,247,627,283,436,215,786,504,126,867,560,263,599,658,547,404
Montipora_capitata_HIv3___RNAseq.g20689.t1,307,47,334,269,55,422,259,90,511,390,85,520,173,145,503,330,58,288,404,103,368,179,261,317,55,228,238,23,263,267,285,299,85,319,135,49,102,362,273,85,431,309,82,305,167,392,154,331,225,178,76,387,243,100,385,220,88,407,288,366,294
Montipora_capitata_HIv3___RNAseq.g22859.t1,1356,588,1495,1124,433,1894,1611,452,1774,1404,602,1856,828,747,1914,1441,278,666,1083,246,1560,679,786,1555,893,1696,1409,309,1320,1631,2124,1858,802,1417,724,329,331,1067,1345,132,1178,1151,535,1050,578,1530,585,1140,832,1272,641,1898,1369,265,1839,1610,555,1134,1949,1577,983
Montipora_capitata_HIv3___RNAseq.g23082.t1,141,60,93,124,37,123,184,10,92,115,82,158,157,75,147,104,31,75,113,0,71,57,103,118,12,57,181,29,113,287,53,141,13,38,119,18,9,118,142,0,72,155,57,59,102,101,15,61,125,177,25,55,184,10,100,191,36,127,108,120,64
Montipora_capitata_HIv3___TS.g24480.t2,114,45,60,85,36,90,125,0,104,107,36,45,103,91,79,156,5,74,100,30,77,108,81,25,37,31,128,15,29,68,51,93,26,40,45,33,44,23,74,0,51,48,0,40,38,71,68,52,74,141,24,55,95,0,48,133,37,87,109,44,49
Montipora_capitata_HIv3___RNAseq.g34657.t1,233,4,182,129,0,238,170,15,133,158,32,194,167,53,162,230,8,66,217,0,120,76,53,230,20,198,175,27,100,158,143,253,43,176,131,30,48,57,168,0,180,127,33,111,84,192,72,91,125,138,21,178,143,0,197,206,38,201,221,239,160
Montipora_capitata_HIv3___RNAseq.g46103.t2,235,0,262,248,22,149,190,19,165,288,60,274,183,18,139,205,11,123,267,10,104,38,102,107,12,132,105,9,97,145,118,208,30,102,156,0,0,105,150,44,135,169,51,81,87,166,118,159,127,199,0,140,221,0,209,273,31,273,347,188,151
Montipora_capitata_HIv3___RNAseq.g48280.t1,340,30,54,303,20,117,292,8,97,279,47,80,257,16,55,304,30,25,196,0,87,18,62,182,57,76,285,8,24,323,91,258,30,82,180,8,0,141,199,0,67,155,23,57,121,96,78,49,219,251,0,96,329,0,56,348,39,261,319,65,47
Montipora_capitata_HIv3___RNAseq.g39295.t2,531,222,594,400,151,615,578,367,676,542,184,658,262,173,651,535,133,260,277,157,385,207,338,800,245,670,488,204,613,655,637,741,297,707,340,112,214,878,482,208,687,490,395,496,267,738,257,543,375,381,320,795,475,257,772,388,284,212,693,687,416
Montipora_capitata_HIv3___RNAseq.g16310.t1,35,32,51,95,4,99,76,15,148,68,36,132,40,24,108,91,0,36,56,0,102,8,65,159,67,80,85,0,69,107,101,90,47,77,58,16,32,116,52,0,75,89,24,102,12,88,69,52,22,95,41,117,68,0,111,123,13,81,106,114,102
Montipora_capitata_HIv3___TS.g13257.t2,95,46,133,100,8,77,91,0,145,109,0,123,36,50,71,125,16,84,87,8,147,37,82,209,20,134,131,23,118,117,114,221,28,150,92,11,0,294,150,0,95,170,18,106,39,158,0,124,175,107,86,265,75,0,187,63,11,38,230,227,132
Montipora_capitata_HIv3___RNAseq.g18108.t1,5661,966,4863,5025,1072,6883,4582,1411,6332,6695,1713,5956,2587,764,2535,2631,626,3283,3697,705,2708,374,1899,7022,1551,6860,7124,1027,6526,5884,6712,8384,1545,6715,3926,772,1335,7198,5515,1179,6756,5851,1709,5281,2130,6074,4417,5196,4879,5220,1311,7886,5083,1789,8223,5370,1355,2937,9513,8325,5856
Montipora_capitata_HIv3___RNAseq.g35361.t1,228,32,120,90,22,96,226,17,133,190,36,170,166,34,58,190,27,30,125,0,29,119,11,105,107,77,176,31,97,164,153,155,33,93,98,52,20,131,151,4,148,93,72,38,112,118,43,89,102,217,37,98,188,16,113,157,19,38,259,56,67
Montipora_capitata_HIv3___RNAseq.g6455.t1,486,52,394,431,79,352,534,62,404,472,193,390,514,69,573,794,57,319,684,73,478,115,314,506,74,314,527,36,227,397,310,556,131,275,389,21,49,243,447,26,236,404,79,284,309,491,349,209,241,543,66,463,477,26,556,603,103,482,652,445,329
Montipora_capitata_HIv3___RNAseq.g6929.t1,1546,140,1662,1237,208,1731,1521,220,2071,1675,428,1784,773,329,1544,1077,210,479,1297,142,1261,359,809,1591,265,1438,1294,200,1182,1420,1719,1781,546,1401,668,127,214,1472,1206,128,1249,1299,379,1137,622,1440,609,1216,991,1166,362,2109,1258,131,2067,1693,372,1623,1924,1507,866
Montipora_capitata_HIv3___RNAseq.g7364.t1,524,101,374,492,57,335,853,38,343,598,229,435,554,107,500,681,50,164,389,36,318,204,251,441,86,416,596,56,250,640,423,734,248,307,222,20,93,326,483,31,325,375,107,236,213,359,148,185,316,672,153,352,646,59,288,838,145,562,759,258,173
Montipora_capitata_HIv3___RNAseq.g467.t1,5682,25,169,2547,60,245,8032,0,221,2592,1494,233,36000,22,211,37177,14,128,6679,0,158,49,114,2419,27,131,11962,19,119,13107,279,4685,50,265,9865,14,14,200,9018,19,151,3124,44,231,11636,253,2775,137,979,14002,16,239,7127,6,287,9985,37,256,3462,928,270
Montipora_capitata_HIv3___RNAseq.g527.t1b,6544,46,760,4942,130,888,5673,48,970,4116,1208,1133,6984,68,645,4988,85,807,4310,46,787,76,575,3419,86,790,3927,69,655,4484,781,4343,113,724,5070,41,20,657,4285,21,978,3435,58,919,2754,856,1872,555,2697,4855,95,874,5648,41,1077,5821,103,2816,4592,1289,877
Montipora_capitata_HIv3___RNAseq.g648.t1,1881,46,301,1341,72,347,1773,57,396,1302,386,449,1510,152,408,867,107,263,1284,48,314,208,302,1005,60,435,1199,62,238,1446,347,1248,148,345,1030,21,69,267,676,46,390,815,91,292,539,306,365,280,379,1934,70,316,1924,29,321,1906,57,1008,1519,348,181
Montipora_capitata_HIv3___TS.g40145.t1,415,8,138,230,21,142,431,16,194,196,113,118,288,21,107,349,20,83,179,18,84,13,79,164,11,169,301,14,85,280,129,278,14,217,206,0,27,146,250,20,119,187,11,100,161,87,123,143,209,371,7,169,264,19,162,410,51,185,430,193,102
Montipora_capitata_HIv3___RNAseq.g3338.t1,6597,70,312,4437,60,377,7468,52,532,5512,1248,675,8046,58,326,8062,47,332,7333,21,575,39,501,3477,62,584,4675,64,376,4787,525,4443,137,410,7125,11,56,385,6760,15,615,4682,71,626,3425,476,1528,471,4534,7288,82,358,6168,0,397,6935,83,1464,6217,667,428
Montipora_capitata_HIv3___RNAseq.g24646.t1,6790,8,151,3418,40,96,7652,26,191,4173,1203,285,6877,81,237,5243,74,108,5637,27,180,82,164,3406,28,147,5710,27,64,7425,51,5246,55,111,2514,25,29,229,4812,21,131,2884,55,312,2709,169,185,130,3308,8661,41,154,5708,14,153,6045,17,851,5630,286,51
Montipora_capitata_HIv3___TS.g7987.t1,1538,16,224,1319,8,176,1443,13,293,1265,256,263,1048,27,218,1075,29,117,926,10,193,27,182,819,11,297,869,11,155,954,252,1292,76,282,668,0,5,292,851,8,377,708,16,433,400,257,147,43,741,1466,78,177,1503,42,246,1595,25,1211,1835,312,195
Montipora_capitata_HIv3___TS.g8488.t1b,166,61,254,187,45,308,160,91,412,149,42,302,48,42,202,108,14,98,99,16,130,18,125,247,130,294,233,71,356,225,297,277,69,298,79,36,42,207,167,40,336,135,39,243,81,208,121,242,125,151,66,391,151,69,386,214,37,137,278,456,305
Montipora_capitata_HIv3___RNAseq.g26524.t1,6329,21,412,6727,25,440,8116,47,534,7629,1378,1206,4456,82,1053,7191,43,639,7115,67,1889,68,1426,7543,27,1197,5781,14,319,7388,1127,8257,134,1028,3556,4,27,550,5829,35,1336,5627,7,2094,1674,1445,188,44,6667,6270,3,314,7066,15,563,7956,9,5835,10456,710,656
Montipora_capitata_HIv3___RNAseq.g26744.t1,1025,16,690,752,27,628,1059,39,610,787,133,771,870,32,610,1089,14,433,841,0,728,25,496,736,50,560,918,23,396,994,513,867,190,453,638,4,12,441,773,13,607,832,53,342,339,657,283,437,647,841,0,729,819,17,661,745,46,644,809,580,442
Montipora_capitata_HIv3___RNAseq.g26803.t1,5511,35,129,3478,35,90,3971,25,67,3079,990,138,8096,39,129,10450,17,76,7888,11,75,25,122,2954,32,138,4159,10,46,5238,93,3649,74,233,11444,0,21,54,3661,36,122,4981,19,224,3304,90,1592,28,2381,5162,14,104,5038,21,71,5719,9,1350,4514,401,93
Montipora_capitata_HIv3___RNAseq.g41271.t2,248,0,242,186,44,328,291,28,314,337,26,262,115,10,275,206,0,118,131,6,277,0,131,218,11,261,260,14,159,206,225,306,72,136,82,0,40,283,127,0,158,183,47,187,68,216,16,155,167,188,7,343,258,20,261,285,29,219,247,272,175
Montipora_capitata_HIv3___RNAseq.g41261.t1,18991,323,1511,14306,417,997,28693,401,2046,14069,5306,1803,26228,734,1671,31921,163,493,11339,264,1554,785,1501,9028,337,1454,13965,173,831,22114,1298,15915,541,936,8017,174,188,1285,19861,242,1060,9812,609,1484,10068,1073,1712,1172,8707,28343,283,1149,24293,260,1227,24022,434,4508,24139,1178,528
Montipora_capitata_HIv3___RNAseq.g41393.t1,953,23,721,929,86,907,1264,79,895,1055,201,954,937,41,844,1125,25,483,819,37,528,77,405,789,58,729,797,24,579,1036,485,977,158,485,570,22,45,709,978,13,610,854,32,617,391,611,297,524,823,958,74,838,939,41,896,939,74,1121,1101,699,647
Montipora_capitata_HIv3___RNAseq.g41524.t1,2142,33,409,1371,60,511,1793,37,494,1507,405,417,1750,15,274,1153,29,139,709,43,368,36,170,1057,79,440,1533,16,318,1984,493,1713,79,317,939,0,8,449,1206,22,349,851,89,347,694,449,126,222,792,2137,29,568,1893,43,678,2359,27,698,2153,711,530
Montipora_capitata_HIv3___RNAseq.g13110.t1,1621,14,376,1555,19,261,2161,23,262,1714,305,281,954,19,162,1042,22,83,569,0,332,9,173,1025,23,211,1232,19,112,1574,158,1582,55,146,376,6,19,185,1059,15,224,888,22,250,296,212,105,212,908,2306,16,335,1715,32,260,1774,23,623,2299,191,253
Montipora_capitata_HIv3___RNAseq.g13590.t1,596,2,51,468,3,72,544,22,74,505,98,79,590,18,85,413,0,66,283,13,52,18,50,186,5,73,269,0,94,403,63,351,39,93,404,0,0,55,279,0,44,361,12,59,103,64,88,42,206,602,22,87,588,19,114,523,6,220,425,69,65
Montipora_capitata_HIv3___RNAseq.g27612.t1,7779,41,439,6147,65,499,7247,42,504,5937,1371,763,5351,40,378,3766,22,298,3744,23,552,13,358,3344,29,674,4195,16,293,4737,716,5337,41,623,3056,16,37,514,4501,0,674,3731,36,1045,1711,999,296,171,3237,6417,8,507,7129,29,660,7272,56,3124,8273,670,573
Montipora_capitata_HIv3___RNAseq.g27935.t1,3053,245,4196,2815,301,3197,3646,314,4334,3237,927,5020,2058,341,5634,3964,208,1418,2776,132,3507,592,3041,3680,536,3650,3817,200,2467,3886,3367,4538,1240,2402,1072,158,158,3224,2859,173,2694,2946,519,2279,900,2835,846,2674,1870,2899,295,5146,3442,193,4144,3810,266,2843,4269,3037,2494
Montipora_capitata_HIv3___RNAseq.g30106.t1a,4599,104,710,3233,134,597,5132,98,881,3374,1037,977,3929,123,803,4834,46,459,2972,45,612,103,476,2561,110,744,3812,100,559,4010,686,3958,277,714,2009,27,66,627,3879,47,760,2080,129,587,1969,844,622,487,2070,6164,115,1089,5132,83,910,5098,107,1152,5873,1141,893
Montipora_capitata_HIv3___TS.g14781.t1,3081,140,2836,2764,201,2629,3382,131,3389,3186,771,4437,2222,295,4840,4334,120,3240,4367,142,2870,229,2795,2613,199,1821,2809,61,1647,2560,1788,3354,790,1651,1921,42,99,1752,2334,59,2070,2442,149,2206,778,2601,1872,1598,2174,2834,128,3247,3362,103,2730,3537,147,4572,3877,2668,1912
Montipora_capitata_HIv3___RNAseq.g33355.t1,1365,12,80,803,12,161,956,11,107,871,233,91,1271,16,115,682,5,81,770,9,171,3,81,634,0,96,837,0,70,958,104,875,13,94,1284,0,0,58,1159,5,177,825,26,195,718,158,324,86,750,1054,12,89,1169,14,140,1377,7,482,974,89,75
Montipora_capitata_HIv3___RNAseq.g33365.t1,909,17,66,547,13,45,1253,14,75,652,294,129,499,8,179,630,0,52,369,0,147,21,84,495,28,119,722,8,59,1025,153,1002,45,53,207,6,19,104,547,0,75,385,19,59,202,43,44,26,271,1157,37,127,1011,8,92,1055,52,197,1194,157,96
Montipora_capitata_HIv3___RNAseq.g48712.t1,1402,9,276,950,58,367,1133,25,268,763,237,302,1996,37,237,1500,31,150,1275,34,184,27,141,743,10,242,911,39,170,1075,212,1228,60,170,1069,18,31,219,754,32,210,673,44,199,824,271,143,266,578,1349,27,247,1220,26,266,1340,54,573,1291,312,253
Montipora_capitata_HIv3___RNAseq.g37643.t1,144,0,111,99,14,114,188,35,148,165,69,181,143,12,186,215,8,110,167,18,163,33,62,306,54,232,404,20,248,469,387,515,127,233,92,0,24,137,166,0,81,101,28,134,27,190,74,98,157,141,3,147,153,13,198,168,93,152,240,120,102
Montipora_capitata_HIv3___RNAseq.g15684.t2,180,0,289,191,40,152,185,20,238,222,139,274,179,13,427,219,0,206,272,11,208,50,305,249,16,199,270,27,150,236,323,220,46,157,143,0,0,129,120,0,199,166,29,189,49,94,117,112,96,179,23,218,275,11,215,270,0,330,176,145,199
Montipora_capitata_HIv3___RNAseq.g15737.t1,1529,21,192,2151,40,184,2480,52,160,2230,415,325,1091,69,300,2716,31,173,1719,7,462,58,365,2010,38,243,1999,32,89,2330,242,2411,67,204,758,14,33,164,2358,10,263,1813,36,345,850,409,163,72,1839,2118,82,254,2096,61,281,2324,71,1362,3020,387,160
Montipora_capitata_HIv3___RNAseq.g15754.t1,6514,38,644,4388,38,843,6393,33,881,4633,1501,755,3671,17,809,2754,6,250,3131,32,721,22,479,3016,68,719,3283,25,506,4687,589,4843,163,378,1792,8,4,666,4122,6,593,3192,12,637,1471,730,194,455,1797,6994,0,669,7550,0,858,7059,24,1345,8133,940,501
Montipora_capitata_HIv3___RNAseq.g35079.t1,1493,12,78,1235,10,58,1357,32,70,1198,336,151,1270,11,119,1454,15,71,1140,0,102,14,91,762,13,145,1017,9,70,1423,105,1386,52,101,823,9,0,41,1158,4,163,683,9,209,523,202,138,27,765,1858,16,97,1792,7,131,1554,41,567,1814,111,92
Montipora_capitata_HIv3___TS.g5420.t1,761,140,1548,645,144,1546,734,129,1952,701,240,2151,447,170,1829,642,74,730,591,36,744,279,954,672,109,1131,624,85,991,803,1064,996,380,1054,435,22,101,1052,798,45,923,917,218,982,232,1021,317,1054,670,445,196,1782,537,98,1287,799,218,1234,770,1096,902
Montipora_capitata_HIv3___RNAseq.g8271.t1,99,0,43,108,0,29,146,13,17,102,46,60,49,14,60,69,0,45,56,0,104,11,30,78,0,26,72,23,37,109,49,97,44,50,37,2,35,41,130,0,37,86,8,54,21,58,6,17,104,121,99,94,153,11,41,148,116,74,166,113,115
Montipora_capitata_HIv3___RNAseq.g40180.t1,1158,61,1104,980,86,991,1249,52,1284,1262,306,1508,859,99,1812,1597,42,1026,1525,56,1119,90,1053,1004,83,698,1080,19,620,965,698,1313,295,581,650,16,34,722,834,25,734,926,64,809,277,958,654,538,809,1031,54,1268,1226,31,991,1291,55,1656,1391,919,611
Montipora_capitata_HIv3___RNAseq.g44142.t1,202,38,254,171,18,297,179,38,262,255,49,285,88,29,171,165,0,146,190,0,82,10,142,274,67,223,223,9,202,196,253,286,53,211,149,13,0,317,176,0,157,199,37,192,29,223,54,255,177,144,0,228,155,47,213,261,21,218,159,259,252
Montipora_capitata_HIv3___RNAseq.g27818.t1,686,123,510,534,41,543,545,111,534,591,118,578,416,190,754,563,54,145,427,70,360,91,307,550,220,383,624,60,322,544,456,835,254,477,357,72,31,391,559,72,371,514,134,377,198,603,169,359,356,490,97,571,559,95,675,645,149,572,805,378,343
Montipora_capitata_HIv3___RNAseq.g18416.t1,273,24,156,223,48,245,209,31,164,246,81,226,205,32,164,231,38,128,244,22,191,34,159,225,37,149,200,50,125,275,161,251,40,223,181,8,28,205,241,28,222,153,44,159,107,230,205,119,222,279,83,211,223,24,314,349,39,311,334,237,220
Montipora_capitata_HIv3___RNAseq.g35029.t1,349,14,64,309,6,97,306,4,106,267,48,111,197,21,95,197,8,84,239,2,153,4,56,207,43,83,320,0,56,362,65,376,23,63,177,20,0,123,225,12,133,202,12,168,184,100,71,56,179,452,4,121,428,11,75,311,14,118,426,113,65
Montipora_capitata_HIv3___RNAseq.g35090.t1,67,11,32,42,0,20,82,19,45,74,10,43,38,22,13,70,0,34,88,0,17,0,58,54,43,33,65,0,22,52,43,59,32,22,71,27,12,35,75,8,48,63,33,44,40,91,43,18,31,44,0,43,62,27,47,60,21,72,77,56,35
Montipora_capitata_HIv3___TS.g29264.t2,682,3112,2777,705,2187,2437,393,2947,2399,565,2934,2657,163,6602,3679,413,4444,1939,786,2441,2147,8532,1517,655,3818,2380,695,2246,2563,469,2714,831,3630,2442,305,2279,3791,2064,503,1409,2064,358,4117,1219,140,1975,2589,1766,330,307,6684,3217,701,2566,2445,860,5563,1037,936,2540,3333
Montipora_capitata_HIv3___RNAseq.g1190.t1,944,4463,2639,878,2564,2410,722,3034,2549,1071,3178,2289,274,5169,2573,647,3611,863,789,1864,1319,8795,928,805,4189,2460,999,1545,2768,1202,2689,1483,3768,2314,251,2102,3353,2206,568,870,1736,654,4531,1002,138,1400,2939,1869,394,630,6809,2716,1017,2355,1908,903,5718,1048,1050,1487,1546
Montipora_capitata_HIv3___RNAseq.g27062.t1,1295,3606,3245,1378,2452,3074,1453,2958,3002,1666,2941,2999,483,6283,4024,875,3138,1754,1185,2652,2647,7571,1846,1678,4058,2950,1613,2086,2681,1431,2733,2081,3658,2447,763,2051,3020,2783,1123,1399,2756,1208,3885,1809,264,2612,3489,2117,970,1176,5594,3596,1436,2382,3229,1399,4421,1545,2038,2668,2152
Montipora_capitata_HIv3___RNAseq.g27120.t1,689,2223,1773,556,1173,1710,608,1769,1774,674,1868,1621,348,4457,2539,302,2294,1580,366,1782,1243,5254,1006,749,2415,1467,722,1313,1606,709,1705,944,2246,1589,159,1433,2308,1497,324,734,1397,459,2480,1187,83,1185,1632,1267,289,731,3984,1973,668,1558,1683,666,3293,495,863,1851,1754
Montipora_capitata_HIv3___RNAseq.g43906.t1,586,1694,1293,612,1653,1412,316,1581,1559,362,1837,1255,220,4741,1432,330,3234,1269,687,2441,752,3691,724,425,2403,1451,333,2419,1569,417,1432,463,2220,1333,365,1582,2325,1250,247,1175,1315,287,2527,667,115,732,1418,1074,178,277,5013,1161,389,1477,1290,450,3993,464,347,1517,1628
Montipora_capitata_HIv3___RNAseq.g15018.t1,1247,4536,3382,1249,3317,3527,916,3818,3146,1207,3864,3575,534,11346,4477,703,5454,3422,1194,4010,2613,12822,1674,1175,4753,3409,1263,3329,3593,1086,3737,1412,4640,3126,495,3315,5368,3238,878,2426,3621,1028,6346,1988,404,3005,4434,3022,716,764,8103,3938,1169,3239,2766,1354,6795,1632,1392,3233,3983
Montipora_capitata_HIv3___RNAseq.g44669.t1,774,8332,3547,630,4873,3389,283,5596,3864,498,5658,3714,121,14279,3320,212,6419,1957,403,5912,1348,15387,1441,459,5933,2586,336,3988,3521,390,2451,489,4955,2290,155,3559,5629,1903,284,2103,2054,392,8114,1257,96,1471,4475,3579,249,134,17227,3422,355,4499,2542,467,13917,570,489,2090,3843
Montipora_capitata_HIv3___RNAseq.g44974.t1,494,2056,1647,443,1680,1644,263,1680,1351,476,1720,1560,235,5531,2386,323,2831,1924,598,2111,1423,5981,906,473,2299,1463,398,1711,1695,419,1458,455,2412,1183,302,1295,2001,1134,301,1199,1590,347,2802,951,198,1219,2077,1305,316,303,3706,1782,384,1583,1665,435,3292,536,597,1649,2206
Montipora_capitata_HIv3___RNAseq.g45032.t2,1172,4166,3112,1298,2405,2613,1079,3543,2764,997,3107,3017,477,6928,3913,1059,4412,1045,1101,2448,2186,10883,1657,1318,4191,2800,1084,2132,2441,1149,2724,1376,3705,2078,435,2378,3443,2240,906,661,2008,1174,4582,1341,259,1712,3577,1824,736,1126,7667,3382,1095,2511,2673,1294,6415,1219,1869,2074,2239
Montipora_capitata_HIv3___RNAseq.g21605.t1,1880,10750,6936,1452,5977,6163,1131,7656,6070,1400,6855,6328,608,17923,9462,949,11591,3329,877,5657,5287,31487,2881,2055,10520,6686,1556,4276,7235,1833,6826,2079,10116,6471,387,6666,10638,6493,1217,2485,5343,1416,13822,3104,306,4211,8697,4790,1137,1041,17357,7955,1591,7477,5984,1627,15385,1443,2274,5271,6505
Montipora_capitata_HIv3___RNAseq.g22595.t1,1631,8220,2775,1822,6478,3468,1376,7254,2070,1256,6738,2217,1232,17696,3583,959,12919,4317,1170,8761,1789,17054,949,985,10147,3859,1377,9871,5287,1307,3950,1367,8813,4668,1233,6885,9547,2655,933,5074,3713,1283,10806,1868,697,1997,6109,2583,914,1664,15923,2851,1603,6941,2037,1545,13741,823,1670,3256,4459
Montipora_capitata_HIv3___TS.g37202.t2a,2174,2846,2929,2084,1568,2222,2487,2212,2420,2045,2333,2985,1750,5281,4070,3378,2193,1991,2549,1860,2369,7557,1634,2185,3259,2879,2559,1773,2643,2352,3393,2504,2790,2376,1373,1702,3106,2450,1780,1035,2227,1739,3298,2060,768,2720,3701,1664,1169,2072,5278,3103,2310,1815,2355,2262,4312,2012,3206,2599,2981
Montipora_capitata_HIv3___RNAseq.g29121.t1,264,2227,817,292,1598,1124,168,1794,877,166,1611,768,61,4874,993,71,3697,1024,210,2173,465,4412,299,299,2169,1035,182,2112,1397,175,1162,335,2198,952,90,1747,2726,703,130,1463,1010,180,3037,602,35,597,1581,659,130,107,4824,822,249,1896,668,224,4083,255,208,897,1123
Montipora_capitata_HIv3___RNAseq.g33482.t1,1839,8833,4371,1757,4533,4158,2290,6370,3873,1857,5109,3529,1301,10117,6495,2039,6651,3011,1339,4736,3228,15893,2873,1686,6879,3687,1934,3908,3815,2529,4666,2546,6226,3398,689,4475,6576,3659,1545,2230,3440,1705,7161,2512,653,3482,5768,2891,1437,2397,11116,3927,2150,4195,3188,2611,9669,1297,2772,3463,4769
Montipora_capitata_HIv3___RNAseq.g33790.t1,1049,3734,3237,1015,2174,2901,1097,2614,3329,1047,2626,3677,416,5660,4965,1047,3418,2089,819,2428,2249,8266,2108,1381,4136,2663,1184,2278,2670,1068,2878,1583,3628,2116,356,2129,3414,2677,639,1557,2239,1118,3990,1529,195,2106,3146,2018,662,513,6991,3287,961,2550,2620,1015,4985,966,1502,2601,2042
Montipora_capitata_HIv3___RNAseq.g34110.t1,913,4064,2977,813,2543,2549,851,3018,2758,876,2820,2636,439,8032,4944,748,4678,2607,1024,3000,2933,9412,1997,1036,4913,3043,972,3209,3371,757,2985,1198,4284,3506,424,2492,3524,2750,794,2029,2727,768,4563,1684,360,2050,3219,2240,531,671,6744,2761,789,2676,2737,760,5665,917,1038,2602,2947
Montipora_capitata_HIv3___RNAseq.g34187.t2,2310,4935,4838,2508,2966,4338,3123,3927,4667,2549,3963,5481,1505,8654,7191,3229,4684,3631,2660,3367,4333,13337,3582,2762,5947,5231,2844,2828,5054,2819,5660,3448,5301,4842,1277,3222,4541,4024,2222,1526,3854,2174,5342,2650,615,4331,4676,3190,1670,2405,8406,5730,2768,3366,4389,2795,6485,2185,3906,4145,4617
Montipora_capitata_HIv3___RNAseq.g46220.t1,1191,3911,2630,865,2514,2847,887,2648,2595,812,3037,2445,470,9405,3821,560,5470,2577,829,3619,2323,10440,1508,1049,4896,2837,945,3124,3038,978,3171,1150,4257,2918,302,2657,4470,2757,578,2305,2704,642,5157,1748,251,1836,3355,2440,502,549,5852,2602,772,2551,2195,842,5635,705,1020,2689,2918
Montipora_capitata_HIv3___RNAseq.g47022.t1,734,1966,1655,679,1376,1638,602,1705,1530,694,1667,1668,185,4306,2198,394,2230,1177,632,1532,1387,5555,788,691,2236,1671,716,1402,1680,679,1620,915,2169,1666,243,1437,2206,1678,539,980,1481,497,2697,1101,172,1364,1971,1220,441,513,3949,1866,633,1641,1498,651,3473,535,1048,1880,2043
Montipora_capitata_HIv3___RNAseq.g48479.t1,1925,6742,4780,1659,4220,5162,1569,4528,4313,1908,4957,4166,641,12211,4980,1284,8458,2878,1725,4909,2711,14533,1704,1868,7016,4548,1373,4524,5004,1608,4885,1975,6235,4608,1080,4182,6175,4274,1313,2792,4578,1243,8466,2625,341,3076,5502,3585,979,1242,12169,4328,1547,4258,4263,1669,10229,1817,2096,4337,4708
Montipora_capitata_HIv3___RNAseq.g38474.t1,1111,4727,3348,1253,2533,3303,1150,3473,3019,1203,3577,3408,395,6998,3768,851,3720,1909,791,2336,2899,9162,1534,1574,4739,4231,1437,2765,4563,1535,4726,1855,5063,3738,419,2726,4413,3207,943,1166,3321,1469,5363,2151,489,2773,4381,2590,787,926,7258,3769,1215,2900,2901,1140,6396,725,1804,3434,5028
Montipora_capitata_HIv3___RNAseq.g38999.t1,943,2122,1618,619,1594,1586,799,1828,1644,573,1901,1453,418,4956,2957,805,2420,2230,693,2420,2250,4454,2115,672,2321,1311,779,2000,1428,714,1498,808,2498,1065,694,1428,2033,1697,599,1487,1520,843,2140,1238,267,1372,2129,1602,533,746,3244,1613,592,1382,1774,653,3234,534,903,1936,1634
Montipora_capitata_HIv3___TS.g5110.t1,706,5942,3429,883,3518,2940,656,4308,3116,692,4184,3629,308,7950,3814,379,4525,1153,495,3057,2097,11946,1560,802,5574,3091,893,2999,3494,800,3220,1083,4894,2376,194,3029,5071,1933,397,1088,1782,611,5900,1444,240,1775,3949,2375,461,566,12136,3763,809,4113,2515,630,11413,843,931,3009,4006
Montipora_capitata_HIv3___RNAseq.g36323.t1,854,3414,2600,666,2194,2645,679,2509,2328,668,2588,2469,361,7328,3633,584,2951,1858,826,2339,1977,8655,1316,996,3471,2977,730,2369,2792,713,2774,988,3362,2326,327,2023,2753,2305,579,1146,2259,694,4265,1276,245,2080,2987,1755,442,538,6252,2709,816,2658,2178,823,5014,876,920,2305,3097
