gene_id,prawnchip_high_log2FC,prawnchip_high_padj,prawnchip_mid_log2FC,prawnchip_mid_padj,prawnchip_low_log2FC,prawnchip_low_padj,earlygastrula_high_log2FC,earlygastrula_high_padj,earlygastrula_mid_log2FC,earlygastrula_mid_padj,earlygastrula_low_log2FC,earlygastrula_low_padj,any_sig
Montipora_capitata_HIv3___TS.g26493.t2a,-3.43528754152556,0.999630871232434,-7.67029702642999,6.46591525551605e-6,-6.27304960738356,0.00307805139841607,-3.69672687620727,0.855047223636978,-7.60170880148448,6.48951518715579e-6,-5.99240976607622,0.00414086094729335,TRUE
Montipora_capitata_HIv3___RNAseq.g5198.t1,2.57924802974029,0.713775139672799,-0.279839355032959,0.999993233033595,1.93814102945699,0.952758588976962,2.723100343136,0.346785685912651,-0.491143503006052,0.999658842213003,1.73409733530494,0.736687995265539,FALSE
Montipora_capitata_HIv3___TS.g28558.t3a,-0.138919884895065,0.999630871232434,0.210837423156197,0.999993233033595,-0.926868165837511,0.0839518870453258,-0.210380366351501,0.999716166802354,0.106807097477265,0.999658842213003,-0.934346081099747,0.0585606686589408,FALSE
Montipora_capitata_HIv3___RNAseq.g6929.t1,-0.608259248141404,0.999630871232434,-0.816149267494963,0.123142973256169,-0.130044983404413,0.999711873053144,-0.841749419218425,0.13871743407377,-0.78835363852441,0.0720004026545097,-0.408048416636812,0.805003268616131,FALSE
Montipora_capitata_HIv3___RNAseq.g7017.t1,-0.508532895100103,0.999630871232434,-3.89416729085504,0.043613049835146,2.67867710045054,0.999711873053144,-1.02993923538781,0.999716166802354,-3.6122698236253,NA,2.0295262620879,0.823362152426274,TRUE
Montipora_capitata_HIv3___TS.g42133.t1,5.22425529852762,0.416412724296976,-2.75077334953056,0.999993233033595,-0.109449786285425,0.999711873053144,5.58577143649875,0.208561438799861,-2.71600604043376,0.872567505583906,0.645858899294153,0.947059673049263,FALSE
Montipora_capitata_HIv3___RNAseq.g10964.t1,2.09615953113259,0.999630871232434,-4.0873777325549,0.528952343651137,1.48672852320134,0.999711873053144,1.56867164360131,0.999716166802354,-4.45930470029734,0.124291645217733,1.35871704521817,0.889811039819545,FALSE
Montipora_capitata_HIv3___RNAseq.g10966.t1,2.30830433374792,0.999630871232434,-4.00062046110035,0.541448570892339,1.9070556903035,0.999711873053144,1.77884002240356,0.999716166802354,-4.36298572330235,0.125107699332591,1.78646503917303,0.846459065123135,FALSE
Montipora_capitata_HIv3___RNAseq.g10968.t1,2.06324154071976,0.999630871232434,-4.1256278935098,0.500343243516679,1.50956750614432,0.999711873053144,1.49106811521868,0.999716166802354,-4.49219642355457,0.11287623827948,1.38794626708085,0.889613504247242,FALSE
Montipora_capitata_HIv3___RNAseq.g11051.t1,2.13407765845353,0.999630871232434,-3.84727737242443,0.541448570892339,1.81847897555087,0.999711873053144,1.56667894270416,0.999716166802354,-4.22059293460277,0.130537020923248,1.60984236994476,0.865883059210762,FALSE
Montipora_capitata_HIv3___RNAseq.g11053.t1,2.13966343070994,0.999630871232434,-4.19959789568054,0.411211043043571,1.5412810253217,0.999711873053144,1.61207773123694,0.999716166802354,-4.54134166220232,0.0949587407440125,1.35382668949499,0.889811039819545,FALSE
Montipora_capitata_HIv3___RNAseq.g11129.t1,5.76284737287608,0.0262473889671451,1.0400532614092,0.999993233033595,-0.229603807284158,0.999711873053144,6.2732624933826,0.00269580541071851,1.20965799761405,NA,-0.153021230091269,0.984160277772223,TRUE
Montipora_capitata_HIv3___RNAseq.g11828.t1,0.375393902961093,0.999630871232434,-2.74871976786929,0.945804834243775,0.307899760761594,0.999711873053144,0.974538405056958,0.999716166802354,-3.64696684800284,0.104307860019988,0.194019155995528,0.983112669216467,FALSE
Montipora_capitata_HIv3___TS.g8038.t2,3.05706638383421,0.999630871232434,-4.37957475596807,0.411211043043571,-0.544368241209807,0.999711873053144,3.90232576075061,0.999716166802354,-5.03758259346652,0.0554462348811372,-0.745604431922468,0.94254254961663,FALSE
Montipora_capitata_HIv3___RNAseq.g25096.t1,5.06952439786786,0.298322543324207,-0.672129143415118,0.999993233033595,2.26295535027448,0.999711873053144,5.42314306222518,0.140496001453699,-0.474824914092083,NA,2.38203291020178,0.770917700662536,FALSE
Montipora_capitata_HIv3___TS.g9507.t1,-1.43438615929603,0.999630871232434,-0.88579195705766,0.999993233033595,2.30731708963965,0.999711873053144,-2.95564399531841,0.191016046992835,-1.28491560597314,NA,1.66758741720095,0.811284180746319,FALSE
Montipora_capitata_HIv3___TS.g9699.t2,-0.324651027006646,0.999630871232434,-0.364182409083346,0.999993233033595,3.5677113644104,0.0143054087671015,-0.0500161183548926,0.999716166802354,-0.190128418645167,0.999658842213003,3.54529105154582,0.0136759048611823,TRUE
Montipora_capitata_HIv3___RNAseq.g40764.t1,-0.674628014642999,0.999630871232434,0.0469651481105706,0.999993233033595,4.85893983222981,0.00983344859739439,0.579854940936798,0.999716166802354,-0.63449969890853,0.999658842213003,5.08773567589882,0.00339667041320787,TRUE
Montipora_capitata_HIv3___TS.g48661.t1,-0.542516962379324,0.999630871232434,-1.9831780744508,0.0316001483953854,-2.08555891981154,0.00983344859739439,-1.05694866500666,0.999716166802354,-1.88561993865081,0.0366833768877803,-2.38579915161405,6.3927025688584e-4,TRUE
Montipora_capitata_HIv3___TS.g50653.t2,-2.93853642126534,0.406870985137373,-3.35140076341637,0.0743911297391912,-3.30748069637041,0.0839518870453258,-3.20249604322508,0.191016046992835,-3.7767848829149,0.0116517306848282,-3.30735657302596,0.0734098020884387,TRUE
Montipora_capitata_HIv3___TS.g50862.t1,-0.728739089753988,0.999630871232434,-3.78882356622369,0.820892283785797,2.22556874411025,0.999711873053144,-0.065693784786156,0.999716166802354,-4.52201784079956,0.129783577518469,2.07088063985559,0.841161716141931,FALSE
Montipora_capitata_HIv3___RNAseq.g15050.t1,0.644931236632744,0.999630871232434,-4.91386176504784,0.493841621114305,1.2897878189291,0.999711873053144,1.44702677979771,0.999716166802354,-5.80547050379946,0.0554462348811372,1.78388390415792,0.875980636657117,FALSE
Montipora_capitata_HIv3___RNAseq.g15087.t1,2.02278040325141,0.999630871232434,-4.84272045125164,0.288893919977558,5.18288623190411,0.491751830423894,2.41809593051764,0.999716166802354,-5.49454559187484,0.0413094363065833,4.86397889478145,0.516387731199866,TRUE
Montipora_capitata_HIv3___TS.g45793.t1b,-0.267825362593948,0.999630871232434,-0.310009636419206,0.999993233033595,6.48755602558424,1.73550723742947e-4,-0.218709942161865,0.999716166802354,0.0590947178066626,0.999658842213003,6.42693857559738,2.19549852704274e-4,TRUE
Montipora_capitata_HIv3___RNAseq.g45264.t1,1.98846004773356,0.999630871232434,-2.97196680407764,0.999993233033595,3.25088588631518,0.999711873053144,2.794550641622,0.999716166802354,-3.64032885707911,0.69385814081822506,2.98356623345382,0.805003268616131,FALSE
Montipora_capitata_HIv3___RNAseq.g20279.t1,-5.70029895996747,0.0562295197980337,-7.48618338983729,4.44560503652901e-5,-4.58371479982821,0.289272622341672,-5.80452098549512,0.0356003383088552,-7.48011676387809,3.14564510366099e-5,-4.83804798251083,0.15441347585984,TRUE
Montipora_capitata_HIv3___RNAseq.g20824.t1a,1.56206686055297,0.999630871232434,-0.30064401275902,0.999993233033595,4.29277724902314,0.0135253392850572,1.31802044088994,0.999716166802354,-0.677673034102446,0.999658842213003,3.95372112313599,0.0426265773643162,TRUE
Montipora_capitata_HIv3___RNAseq.g21373.t1,4.23540687949206,0.0562295197980337,0.11915294604511,0.999993233033595,-0.408310413571845,0.999711873053144,4.29046224980601,0.0356003383088552,0.650914182158652,NA,-0.112902577376618,0.982503955946129,TRUE
Montipora_capitata_HIv3___RNAseq.g21376.t1,3.58139480149702,0.406870985137373,-0.211530784747781,0.999993233033595,2.75997523154388,0.633590887136177,3.29029428293242,0.504985358384015,-0.206307472898314,NA,2.26741074147086,0.711565318528039,FALSE
Montipora_capitata_HIv3___RNAseq.g28195.t1,1.12235997309631,0.999630871232434,-0.591399568938862,0.999993233033595,-0.684473797067116,0.999711873053144,1.86062742032726,0.695128555487901,-0.793093709461848,NA,-0.862504459252025,0.821982328803257,FALSE
Montipora_capitata_HIv3___RNAseq.g30158.t1,-0.441154341821366,0.999630871232434,-3.11816406536911,0.32837912745843,0.492655058739446,0.999711873053144,0.189521632298728,0.999716166802354,-3.10877008756647,0.125107699332591,0.745977834283122,0.909753094886088,FALSE
Montipora_capitata_HIv3___TS.g15697.t1,-0.792195402690902,0.999630871232434,-0.35282278415835,0.999993233033595,5.71433250303985,0.00906583432687289,-0.235610385262532,0.999716166802354,-0.666113018855911,NA,5.60363065307781,0.00909325969999972,TRUE
Montipora_capitata_HIv3___RNAseq.g33315.t1,1.27799113673365,0.999630871232434,-5.09010383811503,0.161729589207505,1.45122857784648,0.999711873053144,1.59012758993565,0.999716166802354,-5.82935298473954,0.0223124624354617,1.17071167832461,0.908460238999834,TRUE
Montipora_capitata_HIv3___RNAseq.g47569.t1,0.081256282231517,0.999630871232434,-3.09081731477085,0.70618141720301,1.81440078031349,0.999711873053144,0.59629953007651,0.999716166802354,-3.86944254967793,0.0935723919243712,1.34152770830321,0.854138679412481,FALSE
Montipora_capitata_HIv3___RNAseq.g49676.t1,3.97104106590815,0.298322543324207,-0.642919601796909,0.999993233033595,0.963501492871191,0.999711873053144,3.93871549003062,0.283653545520259,-0.531668771381492,NA,0.780580033089534,0.891863022749411,FALSE
Montipora_capitata_HIv3___RNAseq.g49798.t1,-0.32623743872331,0.999630871232434,-3.36488197236249,0.541448570892339,0.548651130948499,0.999711873053144,-0.0774511240006912,0.999716166802354,-4.06910375319706,0.0567699452442216,0.0117762012532014,0.998674576367524,FALSE
Montipora_capitata_HIv3___RNAseq.g39019.t1,-0.412359173835301,0.999630871232434,-3.65213257988114,0.493841621114305,0.378404347839116,0.999711873053144,0.424759502262557,0.999716166802354,-4.46488129862115,0.0413094363065833,0.135739831727759,0.989616325552531,TRUE
Montipora_capitata_HIv3___RNAseq.g39262.t1,0.686458408497906,0.999630871232434,-0.490234801447715,0.999993233033595,1.84232599346667,0.364186456346941,0.505121787701438,0.999716166802354,-0.887204889789168,NA,2.16172801179953,0.0762310595193297,FALSE
Montipora_capitata_HIv3___RNAseq.g39743.t1,-0.267969116425184,0.999630871232434,-1.03916017681655,0.999993233033595,5.46013057489982,0.0672443273419169,-0.204256911096655,0.999716166802354,-1.23944999287108,0.999658842213003,5.26445656480806,0.0762310595193297,FALSE
Montipora_capitata_HIv3___RNAseq.g15918.t2,0.566947159447533,0.999630871232434,-0.560277229020625,0.999993233033595,5.01981865829304,0.0839518870453258,0.745069354221068,0.999716166802354,-0.733674650462378,0.999658842213003,5.17278141786803,0.0585606686589408,FALSE
Montipora_capitata_HIv3___RNAseq.g18178.t1,-0.333101348629257,0.999630871232434,0.0176423608177031,0.999993233033595,6.15106223180066,0.00687722064251654,-0.0581421833883404,0.999716166802354,0.0265887522051439,0.999658842213003,6.36916686830867,0.00265328834860255,TRUE
Montipora_capitata_HIv3___RNAseq.g35580.t1,0.422110536676376,0.999630871232434,-3.45368548527895,0.288893919977558,0.0329240268025708,0.999711873053144,0.637042523952259,0.999716166802354,-3.72211030031002,0.0567699452442216,0.294620814286334,0.974219716971483,FALSE
Montipora_capitata_HIv3___RNAseq.g7741.t1,0.164681508903374,0.999630871232434,-3.03980005985394,0.655761697022542,-0.0011452580714952,0.999711873053144,0.698997012367577,0.999716166802354,-3.82462945326194,0.0720004026545097,-0.0401951802602765,0.997960536138544,FALSE
Montipora_capitata_HIv3___RNAseq.g12501.t1,-1.40190445713935,0.999630871232434,-1.97649071132855,0.999993233033595,3.98469400461392,0.578967474552921,-2.01251260776171,0.999716166802354,-2.365352316545,NA,4.35357621101244,0.267853345057124,FALSE
