PC1,PC2,group,name,sample_id,collection_date,parents,group.1,hpf,stage,leachate,leachate_mgL,spawn_night,sizeFactor,label
-36.49850529050719,-5.025146212896999,C14,101112C14,101112C14,2024-07-08,101112,C14,14,earlygastrula,control,0,July_8th,1.5524631252625078,"sample: 101112C14
Hpf: 14
Leachate: control"
31.864709702017638,-8.736608412096032,C4,101112C4,101112C4,2024-07-08,101112,C4,4,cleavage,control,0,July_8th,0.588102342075478,"sample: 101112C4
Hpf: 4
Leachate: control"
12.663922306985938,15.46974468143441,C9,101112C9,101112C9,2024-07-08,101112,C9,9,prawnchip,control,0,July_8th,1.4517248763515254,"sample: 101112C9
Hpf: 9
Leachate: control"
-33.92223456048816,-2.3489073292847413,H14,101112H14,101112H14,2024-07-08,101112,H14,14,earlygastrula,high,1,July_8th,1.357371757210553,"sample: 101112H14
Hpf: 14
Leachate: high"
29.24612779498991,-6.044712271909556,H4,101112H4,101112H4,2024-07-08,101112,H4,4,cleavage,high,1,July_8th,0.49109336765616723,"sample: 101112H4
Hpf: 4
Leachate: high"
12.392237684002508,13.59823326163863,H9,101112H9,101112H9,2024-07-08,101112,H9,9,prawnchip,high,1,July_8th,1.4710743002949576,"sample: 101112H9
Hpf: 9
Leachate: high"
-40.80446608083398,-3.2385748635719755,L14,101112L14,101112L14,2024-07-08,101112,L14,14,earlygastrula,low,0.01,July_8th,1.5758908350539225,"sample: 101112L14
Hpf: 14
Leachate: low"
31.933840930078027,-6.611878624051029,L4,101112L4,101112L4,2024-07-08,101112,L4,4,cleavage,low,0.01,July_8th,0.5496326661833003,"sample: 101112L4
Hpf: 4
Leachate: low"
11.198703395072151,16.27044080906689,L9,101112L9,101112L9,2024-07-08,101112,L9,9,prawnchip,low,0.01,July_8th,1.6137096764109122,"sample: 101112L9
Hpf: 9
Leachate: low"
-32.67584891643389,0.5714090837382789,M14,101112M14,101112M14,2024-07-08,101112,M14,14,earlygastrula,mid,0.1,July_8th,1.5638391510564484,"sample: 101112M14
Hpf: 14
Leachate: mid"
-6.49958276295317,-14.568181225807818,M4,101112M4,101112M4,2024-07-08,101112,M4,4,cleavage,mid,0.1,July_8th,0.7661790394342725,"sample: 101112M4
Hpf: 4
Leachate: mid"
7.651515945123244,16.983477526442382,M9,101112M9,101112M9,2024-07-08,101112,M9,9,prawnchip,mid,0.1,July_8th,1.7512945987023327,"sample: 101112M9
Hpf: 9
Leachate: mid"
-50.81356943050367,-12.996136452660185,C14,123C14,123C14,2024-07-06,123,C14,14,earlygastrula,control,0,July_6th,1.014394282927152,"sample: 123C14
Hpf: 14
Leachate: control"
35.49221436358014,-13.6750662775582,C4,123C4,123C4,2024-07-06,123,C4,4,cleavage,control,0,July_6th,0.8427250342392102,"sample: 123C4
Hpf: 4
Leachate: control"
12.082320511754071,12.859696828065546,C9,123C9,123C9,2024-07-06,123,C9,9,prawnchip,control,0,July_6th,1.5936577938175693,"sample: 123C9
Hpf: 9
Leachate: control"
-44.40481247620998,-6.240518387940439,H14,123H14,123H14,2024-07-06,123,H14,14,earlygastrula,high,1,July_6th,1.5016424925584075,"sample: 123H14
Hpf: 14
Leachate: high"
38.16571215655556,-18.254720591526908,H4,123H4,123H4,2024-07-06,123,H4,4,cleavage,high,1,July_6th,0.41735477505218016,"sample: 123H4
Hpf: 4
Leachate: high"
12.606217089998154,5.078544429791066,H9,123H9,123H9,2024-07-06,123,H9,9,prawnchip,high,1,July_6th,0.7319491619045031,"sample: 123H9
Hpf: 9
Leachate: high"
-35.322816246673206,-4.904368528210726,L14,123L14,123L14,2024-07-06,123,L14,14,earlygastrula,low,0.01,July_6th,1.3241170896665042,"sample: 123L14
Hpf: 14
Leachate: low"
36.86600243143146,-15.751546523941274,L4,123L4,123L4,2024-07-06,123,L4,4,cleavage,low,0.01,July_6th,0.34679185150973874,"sample: 123L4
Hpf: 4
Leachate: low"
3.935571546143455,12.097542225849939,L9,123L9,123L9,2024-07-06,123,L9,9,prawnchip,low,0.01,July_6th,1.13717779473459,"sample: 123L9
Hpf: 9
Leachate: low"
37.94307316430878,-13.800127910967571,M4,123M4,123M4,2024-07-06,123,M4,4,cleavage,mid,0.1,July_6th,0.838490412228538,"sample: 123M4
Hpf: 4
Leachate: mid"
3.0852668124812794,11.01711087726077,M9,123M9,123M9,2024-07-06,123,M9,9,prawnchip,mid,0.1,July_6th,0.8029799790517316,"sample: 123M9
Hpf: 9
Leachate: mid"
-26.64682687356773,2.90292021484275,C14,131415C14,131415C14,2024-07-08,131415,C14,14,earlygastrula,control,0,July_8th,1.48642385128924,"sample: 131415C14
Hpf: 14
Leachate: control"
30.173067183593783,-3.549260078171654,C4,131415C4,131415C4,2024-07-08,131415,C4,4,cleavage,control,0,July_8th,0.8171863239877944,"sample: 131415C4
Hpf: 4
Leachate: control"
8.815119437576461,13.574078503442378,C9,131415C9,131415C9,2024-07-08,131415,C9,9,prawnchip,control,0,July_8th,1.4112024712787703,"sample: 131415C9
Hpf: 9
Leachate: control"
-33.51883168395651,-1.831842790204252,H14,131415H14,131415H14,2024-07-08,131415,H14,14,earlygastrula,high,1,July_8th,1.4719105778055421,"sample: 131415H14
Hpf: 14
Leachate: high"
33.89704906449218,-12.143169614332894,H4,131415H4,131415H4,2024-07-08,131415,H4,4,cleavage,high,1,July_8th,0.36593110105967136,"sample: 131415H4
Hpf: 4
Leachate: high"
15.929820253222875,11.474621432247568,H9,131415H9,131415H9,2024-07-08,131415,H9,9,prawnchip,high,1,July_8th,1.2451211929797432,"sample: 131415H9
Hpf: 9
Leachate: high"
-37.970428345057876,-3.1394335426334616,L14,131415L14,131415L14,2024-07-08,131415,L14,14,earlygastrula,low,0.01,July_8th,1.6051779707922835,"sample: 131415L14
Hpf: 14
Leachate: low"
9.76870617459596,13.936256369082919,L9,131415L9,131415L9,2024-07-08,131415,L9,9,prawnchip,low,0.01,July_8th,1.5133790310258919,"sample: 131415L9
Hpf: 9
Leachate: low"
-30.32070670872029,1.9077141225614274,M14,131415M14,131415M14,2024-07-08,131415,M14,14,earlygastrula,mid,0.1,July_8th,1.868855467540775,"sample: 131415M14
Hpf: 14
Leachate: mid"
25.17140771998613,0.15022880989117599,M4,131415M4,131415M4,2024-07-08,131415,M4,4,cleavage,mid,0.1,July_8th,0.8665418625217777,"sample: 131415M4
Hpf: 4
Leachate: mid"
9.211059777323326,12.274559168260094,M9,131415M9,131415M9,2024-07-08,131415,M9,9,prawnchip,mid,0.1,July_8th,1.3291676680202165,"sample: 131415M9
Hpf: 9
Leachate: mid"
-42.56871700821768,-12.413007093298274,M14,13M14,13M14,2024-07-08,13,M14,14,earlygastrula,mid,0.1,July_8th,0.8388878915393748,"sample: 13M14
Hpf: 14
Leachate: mid"
34.37090991441191,-11.004710641574503,C4,456C4,456C4,2024-07-07,456,C4,4,cleavage,control,0,July_7th,0.36432427288629654,"sample: 456C4
Hpf: 4
Leachate: control"
35.460931079430715,-11.694237552513595,H4,456H4,456H4,2024-07-07,456,H4,4,cleavage,high,1,July_7th,0.5147836291763059,"sample: 456H4
Hpf: 4
Leachate: high"
12.587379267010531,14.667695007584678,H9,456H9,456H9,2024-07-07,456,H9,9,prawnchip,high,1,July_7th,1.33218904276232,"sample: 456H9
Hpf: 9
Leachate: high"
-39.740063388057074,-3.7799218032257733,L14,456L14,456L14,2024-07-07,456,L14,14,earlygastrula,low,0.01,July_7th,1.3266864790948958,"sample: 456L14
Hpf: 14
Leachate: low"
35.321352722957926,-10.89106616266887,L4,456L4,456L4,2024-07-07,456,L4,4,cleavage,low,0.01,July_7th,0.272235232694656,"sample: 456L4
Hpf: 4
Leachate: low"
8.711807115986499,10.197424201727898,L9,456L9,456L9,2024-07-07,456,L9,9,prawnchip,low,0.01,July_7th,1.3139985863123056,"sample: 456L9
Hpf: 9
Leachate: low"
-34.618321044355966,-2.1471466842448925,M14,456M14,456M14,2024-07-07,456,M14,14,earlygastrula,mid,0.1,July_7th,1.2828382087929528,"sample: 456M14
Hpf: 14
Leachate: mid"
33.459061000261265,-7.516522576098313,M4,456M4,456M4,2024-07-07,456,M4,4,cleavage,mid,0.1,July_7th,0.7014651588259547,"sample: 456M4
Hpf: 4
Leachate: mid"
0.7426258792208782,10.481013772439434,M9,456M9,456M9,2024-07-07,456,M9,9,prawnchip,mid,0.1,July_7th,1.0564820306919338,"sample: 456M9
Hpf: 9
Leachate: mid"
-45.38225244674733,-12.159378378931072,C14,45C14,45C14,2024-07-07,45,C14,14,earlygastrula,control,0,July_7th,0.4999608942498415,"sample: 45C14
Hpf: 14
Leachate: control"
5.393350498666322,13.224232723382304,C9,45C9,45C9,2024-07-07,45,C9,9,prawnchip,control,0,July_7th,1.324316069536358,"sample: 45C9
Hpf: 9
Leachate: control"
3.9211468547237907,-15.171952442847687,H14,45H14,45H14,2024-07-07,45,H14,14,earlygastrula,high,1,July_7th,0.7549172181713857,"sample: 45H14
Hpf: 14
Leachate: high"
15.534211656064468,13.47375781154735,C9,67C9,67C9,2024-07-07,67,C9,9,prawnchip,control,0,July_7th,1.069018010573268,"sample: 67C9
Hpf: 9
Leachate: control"
-34.239689866100825,0.16090073412153802,C14,6C14,6C14,2024-07-07,6,C14,14,earlygastrula,control,0,July_7th,1.0197573818483934,"sample: 6C14
Hpf: 14
Leachate: control"
-44.86008586778357,-6.121273616445735,H14,789H14,789H14,2024-07-07,789,H14,14,earlygastrula,high,1,July_7th,1.3514628188262183,"sample: 789H14
Hpf: 14
Leachate: high"
35.874354994938685,-14.041335745752683,H4,789H4,789H4,2024-07-07,789,H4,4,cleavage,high,1,July_7th,0.738432710697144,"sample: 789H4
Hpf: 4
Leachate: high"
12.790923122991664,17.504531499822576,H9,789H9,789H9,2024-07-07,789,H9,9,prawnchip,high,1,July_7th,1.7114133324739438,"sample: 789H9
Hpf: 9
Leachate: high"
-39.33002816913221,-4.462991388832639,L14,789L14,789L14,2024-07-07,789,L14,14,earlygastrula,low,0.01,July_7th,1.5108739534665594,"sample: 789L14
Hpf: 14
Leachate: low"
32.438502647486324,-4.339564775398061,L4,789L4,789L4,2024-07-07,789,L4,4,cleavage,low,0.01,July_7th,0.4821870968162519,"sample: 789L4
Hpf: 4
Leachate: low"
10.631145646516133,16.946047748995923,L9,789L9,789L9,2024-07-07,789,L9,9,prawnchip,low,0.01,July_7th,1.580032994797679,"sample: 789L9
Hpf: 9
Leachate: low"
-38.433576314299344,-4.132535692476036,M14,789M14,789M14,2024-07-07,789,M14,14,earlygastrula,mid,0.1,July_7th,1.6504699973425032,"sample: 789M14
Hpf: 14
Leachate: mid"
35.20827750750217,-11.803754931523088,M4,789M4,789M4,2024-07-07,789,M4,4,cleavage,mid,0.1,July_7th,0.7305823144162084,"sample: 789M4
Hpf: 4
Leachate: mid"
-18.86765767293375,8.754824103631574,C14,7C14,7C14,2024-07-07,7,C14,14,earlygastrula,control,0,July_7th,1.364344000731249,"sample: 7C14
Hpf: 14
Leachate: control"
-34.91474672916416,0.8191430713690259,C14,89C14,89C14,2024-07-07,89,C14,14,earlygastrula,control,0,July_7th,2.0011661262732057,"sample: 89C14
Hpf: 14
Leachate: control"
6.654822208778771,9.135864857108457,C9,89C9,89C9,2024-07-07,89,C9,9,prawnchip,control,0,July_7th,1.4011623955321637,"sample: 89C9
Hpf: 9
Leachate: control"
13.159300320436877,9.007585248250036,M9,89M9,89M9,2024-07-07,89,M9,9,prawnchip,mid,0.1,July_7th,1.0489056985685414,"sample: 89M9
Hpf: 9
Leachate: mid"
