go,cluster,parent,parentSimScore,score,size,term,parentTerm
GO:0071840,1,GO:0071840,0.887,307.6526555685888,0,cellular component organization or biogenesis,cellular component organization or biogenesis
GO:0050789,2,GO:0050789,0.744,307.6526555685888,0,regulation of biological process,regulation of biological process
GO:0006996,1,GO:0071840,0.778,307.6526555685888,11,organelle organization,cellular component organization or biogenesis
GO:0065007,2,GO:0050789,0.688,307.6526555685888,0,biological regulation,regulation of biological process
GO:0009987,3,GO:0009987,0.337,307.6526555685888,0,cellular process,cellular process
GO:0016043,1,GO:0071840,0.871,307.6526555685888,5,cellular component organization,cellular component organization or biogenesis
GO:0044260,4,GO:0044260,0.928,307.6526555685888,3,cellular macromolecule metabolic process,cellular macromolecule metabolic process
GO:0071704,5,GO:0071704,0.668,307.6526555685888,30,organic substance metabolic process,organic substance metabolic process
GO:0050896,6,GO:0050896,0.824,307.6526555685888,29,response to stimulus,response to stimulus
GO:0048519,2,GO:0050789,0.451,307.6526555685888,0,negative regulation of biological process,regulation of biological process
GO:0044238,5,GO:0071704,0.543,307.6526555685888,13,primary metabolic process,organic substance metabolic process
GO:0044237,5,GO:0071704,0.529,307.6526555685888,12,cellular metabolic process,organic substance metabolic process
GO:0050794,2,GO:0050789,0.683,307.6526555685888,0,regulation of cellular process,regulation of biological process
GO:0048523,2,GO:0050789,0.405,307.6526555685888,0,negative regulation of cellular process,regulation of biological process
GO:0008152,5,GO:0071704,0.595,307.6526555685888,82,metabolic process,organic substance metabolic process
GO:0043170,5,GO:0071704,0.593,307.6526555685888,2,macromolecule metabolic process,organic substance metabolic process
GO:0031323,2,GO:0050789,0.495,307.6526555685888,0,regulation of cellular metabolic process,regulation of biological process
GO:0019222,2,GO:0050789,0.534,307.6526555685888,1,regulation of metabolic process,regulation of biological process
GO:0006807,5,GO:0071704,0.52,307.6526555685888,14,nitrogen compound metabolic process,organic substance metabolic process
GO:0006139,7,GO:0006139,0.865,10.312313240516408,24,nucleobase-containing compound metabolic process,nucleobase-containing compound metabolic process
GO:0010604,2,GO:0050789,0.383,10.312313240516408,0,positive regulation of macromolecule metabolic process,regulation of biological process
GO:0043412,8,GO:0043412,0.927,10.312313240516408,3,macromolecule modification,macromolecule modification
GO:0065009,9,GO:0065009,0.983,10.312313240516408,0,regulation of molecular function,regulation of molecular function
GO:0051716,6,GO:0050896,0.727,10.312313240516408,1,cellular response to stimulus,response to stimulus
GO:0080090,2,GO:0050789,0.502,10.312313240516408,3,regulation of primary metabolic process,regulation of biological process
GO:0006725,5,GO:0071704,0.404,10.312313240516408,0,cellular aromatic compound metabolic process,organic substance metabolic process
GO:0051173,2,GO:0050789,0.371,10.312313240516408,0,positive regulation of nitrogen compound metabolic process,regulation of biological process
GO:1901360,7,GO:0006139,0.848,10.312313240516408,0,organic cyclic compound metabolic process,nucleobase-containing compound metabolic process
GO:0050790,9,GO:0065009,0.97,10.312313240516408,142,regulation of catalytic activity,regulation of molecular function
GO:0048583,6,GO:0050896,0.504,10.312313240516408,0,regulation of response to stimulus,response to stimulus
GO:0009893,2,GO:0050789,0.391,10.312313240516408,0,positive regulation of metabolic process,regulation of biological process
GO:0090304,7,GO:0006139,0.837,10.312313240516408,2,nucleic acid metabolic process,nucleobase-containing compound metabolic process
GO:0034641,5,GO:0071704,0.424,10.312313240516408,0,cellular nitrogen compound metabolic process,organic substance metabolic process
GO:1901564,5,GO:0071704,0.499,10.312313240516408,0,organonitrogen compound metabolic process,organic substance metabolic process
GO:0031325,2,GO:0050789,0.373,10.312313240516408,0,positive regulation of cellular metabolic process,regulation of biological process
GO:0046483,7,GO:0006139,0.858,10.312313240516408,0,heterocycle metabolic process,nucleobase-containing compound metabolic process
GO:0048522,2,GO:0050789,0.441,10.312313240516408,0,positive regulation of cellular process,regulation of biological process
GO:0019538,5,GO:0071704,0.459,10.312313240516408,7,protein metabolic process,organic substance metabolic process
GO:0060255,2,GO:0050789,0.527,10.312313240516408,4,regulation of macromolecule metabolic process,regulation of biological process
GO:0023051,10,GO:0023051,0.986,10.312313240516408,2,regulation of signaling,regulation of signaling
GO:0009966,10,GO:0023051,0.956,10.312313240516408,14,regulation of signal transduction,regulation of signaling
GO:0048518,2,GO:0050789,0.483,10.312313240516408,0,positive regulation of biological process,regulation of biological process
GO:0051171,2,GO:0050789,0.5,10.312313240516408,3,regulation of nitrogen compound metabolic process,regulation of biological process
GO:0010646,11,GO:0010646,0.986,10.312313240516408,1,regulation of cell communication,regulation of cell communication
GO:0051179,12,GO:0051179,0.85,10.312313240516408,7,localization,localization
GO:0010033,13,GO:0010033,0.983,7.613092721540854,3,response to organic substance,response to organic substance
GO:0051247,2,GO:0050789,0.31,7.613092721540854,0,positive regulation of protein metabolic process,regulation of biological process
GO:0010556,2,GO:0050789,0.468,7.613092721540854,0,regulation of macromolecule biosynthetic process,regulation of biological process
GO:0048584,6,GO:0050896,0.426,7.613092721540854,0,positive regulation of response to stimulus,response to stimulus
GO:0043085,9,GO:0065009,0.854,7.613092721540854,2,positive regulation of catalytic activity,regulation of molecular function
GO:0010468,2,GO:0050789,0.503,7.613092721540854,103,regulation of gene expression,regulation of biological process
GO:0042221,13,GO:0010033,0.797,7.613092721540854,1,response to chemical,response to organic substance
GO:0051252,2,GO:0050789,0.465,7.613092721540854,2,regulation of RNA metabolic process,regulation of biological process
GO:0043067,14,GO:0043067,0.996,7.613092721540854,3,regulation of programmed cell death,regulation of programmed cell death
GO:0031326,2,GO:0050789,0.47,7.613092721540854,0,regulation of cellular biosynthetic process,regulation of biological process
GO:2001141,15,GO:2001141,0.954,7.613092721540854,0,regulation of RNA biosynthetic process,regulation of RNA biosynthetic process
GO:0051246,2,GO:0050789,0.371,7.613092721540854,0,regulation of protein metabolic process,regulation of biological process
GO:0031399,2,GO:0050789,0.307,7.613092721540854,0,regulation of protein modification process,regulation of biological process
GO:0009967,10,GO:0023051,0.841,7.613092721540854,0,positive regulation of signal transduction,regulation of signaling
GO:2000112,4,GO:0044260,0.615,7.613092721540854,0,regulation of cellular macromolecule biosynthetic process,cellular macromolecule metabolic process
GO:0051276,1,GO:0071840,0.581,7.613092721540854,11,chromosome organization,cellular component organization or biogenesis
GO:0009892,2,GO:0050789,0.397,7.613092721540854,0,negative regulation of metabolic process,regulation of biological process
GO:0010647,11,GO:0010646,0.877,7.613092721540854,0,positive regulation of cell communication,regulation of cell communication
GO:0031401,2,GO:0050789,0.277,7.613092721540854,0,positive regulation of protein modification process,regulation of biological process
GO:0051174,16,GO:0051174,0.994,7.613092721540854,0,regulation of phosphorus metabolic process,regulation of phosphorus metabolic process
GO:0044085,1,GO:0071840,0.704,7.613092721540854,0,cellular component biogenesis,cellular component organization or biogenesis
GO:0036211,8,GO:0043412,0.91,7.613092721540854,19,protein modification process,macromolecule modification
GO:1902531,10,GO:0023051,0.884,7.613092721540854,2,regulation of intracellular signal transduction,regulation of signaling
GO:0044093,9,GO:0065009,0.869,7.613092721540854,0,positive regulation of molecular function,regulation of molecular function
GO:0023056,10,GO:0023051,0.877,7.613092721540854,0,positive regulation of signaling,regulation of signaling
GO:0019219,2,GO:0050789,0.469,7.613092721540854,0,regulation of nucleobase-containing compound metabolic process,regulation of biological process
GO:0042981,14,GO:0043067,0.983,7.613092721540854,15,regulation of apoptotic process,regulation of programmed cell death
GO:0016070,7,GO:0006139,0.796,7.613092721540854,19,RNA metabolic process,nucleobase-containing compound metabolic process
GO:0031324,2,GO:0050789,0.342,7.613092721540854,0,negative regulation of cellular metabolic process,regulation of biological process
GO:0006396,5,GO:0071704,0.318,7.613092721540854,49,RNA processing,organic substance metabolic process
GO:1903506,15,GO:2001141,0.954,7.613092721540854,0,regulation of nucleic acid-templated transcription,regulation of RNA biosynthetic process
GO:0010467,5,GO:0071704,0.457,7.613092721540854,1,gene expression,organic substance metabolic process
GO:0019220,16,GO:0051174,0.994,7.613092721540854,0,regulation of phosphate metabolic process,regulation of phosphorus metabolic process
GO:0010941,14,GO:0043067,0.974,7.613092721540854,1,regulation of cell death,regulation of programmed cell death
GO:0009889,2,GO:0050789,0.47,7.613092721540854,0,regulation of biosynthetic process,regulation of biological process
GO:0006355,15,GO:2001141,0.954,7.613092721540854,564,regulation of DNA-templated transcription,regulation of RNA biosynthetic process
GO:0051128,1,GO:0071840,0.632,7.611769555113322,2,regulation of cellular component organization,cellular component organization or biogenesis
GO:0051726,17,GO:0051726,0.99,7.594547819738597,34,regulation of cell cycle,regulation of cell cycle
GO:0007346,17,GO:0051726,0.878,7.594547819738597,8,regulation of mitotic cell cycle,regulation of cell cycle
GO:0010558,2,GO:0050789,0.323,5.047130200215529,0,negative regulation of macromolecule biosynthetic process,regulation of biological process
GO:0010562,16,GO:0051174,0.939,5.047130200215529,0,positive regulation of phosphorus metabolic process,regulation of phosphorus metabolic process
GO:0010629,2,GO:0050789,0.351,5.047130200215529,66,negative regulation of gene expression,regulation of biological process
GO:0022607,1,GO:0071840,0.67,5.047130200215529,0,cellular component assembly,cellular component organization or biogenesis
GO:0032446,8,GO:0043412,0.668,5.047130200215529,8,protein modification by small protein conjugation,macromolecule modification
GO:0009890,2,GO:0050789,0.326,5.047130200215529,1,negative regulation of biosynthetic process,regulation of biological process
GO:0001558,18,GO:0001558,0.998,5.047130200215529,2,regulation of cell growth,regulation of cell growth
GO:0051641,12,GO:0051179,0.663,5.047130200215529,0,cellular localization,localization
GO:0033554,6,GO:0050896,0.545,5.047130200215529,1,cellular response to stress,response to stimulus
GO:0006810,12,GO:0051179,0.818,5.047130200215529,32,transport,localization
GO:0010605,2,GO:0050789,0.394,5.047130200215529,0,negative regulation of macromolecule metabolic process,regulation of biological process
GO:0007423,19,GO:0007423,0.999,5.047130200215529,2,sensory organ development,sensory organ development
GO:0033674,9,GO:0065009,0.781,5.047130200215529,35,positive regulation of kinase activity,regulation of molecular function
GO:0034470,7,GO:0006139,0.549,5.047130200215529,5,ncRNA processing,nucleobase-containing compound metabolic process
GO:0043066,14,GO:0043067,0.924,5.047130200215529,38,negative regulation of apoptotic process,regulation of programmed cell death
GO:1902533,10,GO:0023051,0.795,5.047130200215529,0,positive regulation of intracellular signal transduction,regulation of signaling
GO:0044249,15,GO:2001141,0.742,5.047130200215529,5,cellular biosynthetic process,regulation of RNA biosynthetic process
GO:0009058,15,GO:2001141,0.732,5.047130200215529,31,biosynthetic process,regulation of RNA biosynthetic process
GO:0006915,14,GO:0043067,0.877,5.047130200215529,73,apoptotic process,regulation of programmed cell death
GO:2000026,20,GO:2000026,0.993,5.047130200215529,0,regulation of multicellular organismal development,regulation of multicellular organismal development
GO:0001932,2,GO:0050789,0.288,5.047130200215529,2,regulation of protein phosphorylation,regulation of biological process
GO:0040008,18,GO:0001558,0.886,5.047130200215529,6,regulation of growth,regulation of cell growth
GO:0048731,19,GO:0007423,0.39,5.047130200215529,1,system development,sensory organ development
GO:0048856,19,GO:0007423,0.438,5.047130200215529,191,anatomical structure development,sensory organ development
GO:1901987,17,GO:0051726,0.878,5.047130200215529,0,regulation of cell cycle phase transition,regulation of cell cycle
GO:0043549,9,GO:0065009,0.822,5.047130200215529,0,regulation of kinase activity,regulation of molecular function
GO:0000122,2,GO:0050789,0.287,5.047130200215529,128,negative regulation of transcription by RNA polymerase II,regulation of biological process
GO:0042327,16,GO:0051174,0.931,5.047130200215529,2,positive regulation of phosphorylation,regulation of phosphorus metabolic process
GO:0032501,21,GO:0032501,0.843,5.047130200215529,2,multicellular organismal process,multicellular organismal process
GO:0045595,19,GO:0007423,0.294,5.047130200215529,9,regulation of cell differentiation,sensory organ development
GO:0001654,19,GO:0007423,0.784,5.047130200215529,0,eye development,sensory organ development
GO:0071902,9,GO:0065009,0.679,5.047130200215529,7,positive regulation of protein serine/threonine kinase activity,regulation of molecular function
GO:0051253,2,GO:0050789,0.309,5.047130200215529,0,negative regulation of RNA metabolic process,regulation of biological process
GO:0065008,22,GO:0065008,0.971,5.047130200215529,5,regulation of biological quality,regulation of biological quality
GO:0042325,16,GO:0051174,0.974,5.047130200215529,1,regulation of phosphorylation,regulation of phosphorus metabolic process
GO:0051338,9,GO:0065009,0.827,5.047130200215529,1,regulation of transferase activity,regulation of molecular function
GO:0043405,9,GO:0065009,0.66,5.047130200215529,2,regulation of MAP kinase activity,regulation of molecular function
GO:0012501,14,GO:0043067,0.898,5.047130200215529,39,programmed cell death,regulation of programmed cell death
GO:0060548,14,GO:0043067,0.902,5.047130200215529,2,negative regulation of cell death,regulation of programmed cell death
GO:0032502,19,GO:0007423,0.399,5.047130200215529,13,developmental process,sensory organ development
GO:0009059,15,GO:2001141,0.822,5.047130200215529,0,macromolecule biosynthetic process,regulation of RNA biosynthetic process
GO:0051347,9,GO:0065009,0.787,5.047130200215529,0,positive regulation of transferase activity,regulation of molecular function
GO:0009653,19,GO:0007423,0.388,5.047130200215529,31,anatomical structure morphogenesis,sensory organ development
GO:0001934,2,GO:0050789,0.265,5.047130200215529,20,positive regulation of protein phosphorylation,regulation of biological process
GO:0051172,2,GO:0050789,0.357,5.047130200215529,0,negative regulation of nitrogen compound metabolic process,regulation of biological process
GO:1901990,17,GO:0051726,0.825,5.047130200215529,0,regulation of mitotic cell cycle phase transition,regulation of cell cycle
GO:1901576,15,GO:2001141,0.736,5.047130200215529,1,organic substance biosynthetic process,regulation of RNA biosynthetic process
GO:0043406,9,GO:0065009,0.615,5.047130200215529,5,positive regulation of MAP kinase activity,regulation of molecular function
GO:0051239,20,GO:2000026,0.849,5.047130200215529,4,regulation of multicellular organismal process,regulation of multicellular organismal development
GO:0009968,10,GO:0023051,0.874,5.047130200215529,13,negative regulation of signal transduction,regulation of signaling
GO:0016567,8,GO:0043412,0.653,5.047130200215529,210,protein ubiquitination,macromolecule modification
GO:0006357,15,GO:2001141,0.88,5.047130200215529,643,regulation of transcription by RNA polymerase II,regulation of RNA biosynthetic process
GO:0034660,7,GO:0006139,0.579,5.047130200215529,2,ncRNA metabolic process,nucleobase-containing compound metabolic process
GO:0022613,1,GO:0071840,0.584,5.047130200215529,0,ribonucleoprotein complex biogenesis,cellular component organization or biogenesis
GO:0032147,9,GO:0065009,0.672,5.047130200215529,11,activation of protein kinase activity,regulation of molecular function
GO:1903507,2,GO:0050789,0.305,5.047130200215529,0,negative regulation of nucleic acid-templated transcription,regulation of biological process
GO:0090596,19,GO:0007423,0.975,5.047130200215529,0,sensory organ morphogenesis,sensory organ development
GO:0048513,19,GO:0007423,0.736,5.047130200215529,1,animal organ development,sensory organ development
GO:0043069,14,GO:0043067,0.928,5.047130200215529,3,negative regulation of programmed cell death,regulation of programmed cell death
GO:0044271,15,GO:2001141,0.814,5.047130200215529,0,cellular nitrogen compound biosynthetic process,regulation of RNA biosynthetic process
GO:0045859,2,GO:0050789,0.272,5.047130200215529,2,regulation of protein kinase activity,regulation of biological process
GO:0070887,13,GO:0010033,0.696,5.047130200215529,0,cellular response to chemical stimulus,response to organic substance
GO:0050793,19,GO:0007423,0.334,5.047130200215529,4,regulation of developmental process,sensory organ development
GO:0048869,19,GO:0007423,0.358,5.047130200215529,0,cellular developmental process,sensory organ development
GO:0048592,19,GO:0007423,0.784,5.047130200215529,0,eye morphogenesis,sensory organ development
GO:0030154,19,GO:0007423,0.358,5.047130200215529,305,cell differentiation,sensory organ development
GO:0048585,6,GO:0050896,0.422,5.047130200215529,0,negative regulation of response to stimulus,response to stimulus
GO:0051336,9,GO:0065009,0.885,5.047130200215529,0,regulation of hydrolase activity,regulation of molecular function
GO:2001233,14,GO:0043067,0.829,5.047130200215529,0,regulation of apoptotic signaling pathway,regulation of programmed cell death
GO:0071900,9,GO:0065009,0.749,5.047130200215529,1,regulation of protein serine/threonine kinase activity,regulation of molecular function
GO:0045860,9,GO:0065009,0.735,5.047130200215529,8,positive regulation of protein kinase activity,regulation of molecular function
GO:0043410,10,GO:0023051,0.713,5.047130200215529,12,positive regulation of MAPK cascade,regulation of signaling
GO:0008219,14,GO:0043067,0.882,5.047130200215529,16,cell death,regulation of programmed cell death
GO:1902679,2,GO:0050789,0.305,5.047130200215529,0,negative regulation of RNA biosynthetic process,regulation of biological process
GO:0071310,13,GO:0010033,0.953,5.047130200215529,0,cellular response to organic substance,response to organic substance
GO:0070647,8,GO:0043412,0.69,5.047130200215529,0,protein modification by small protein conjugation or removal,macromolecule modification
GO:0031327,2,GO:0050789,0.325,5.047130200215529,0,negative regulation of cellular biosynthetic process,regulation of biological process
GO:0051640,12,GO:0051179,0.497,5.047130200215529,4,organelle localization,localization
GO:0009887,19,GO:0007423,0.671,5.047130200215529,20,animal organ morphogenesis,sensory organ development
GO:0007275,19,GO:0007423,0.427,5.047130200215529,57,multicellular organism development,sensory organ development
GO:0010564,17,GO:0051726,0.954,5.047130200215529,2,regulation of cell cycle process,regulation of cell cycle
GO:0006325,1,GO:0071840,0.529,5.047130200215529,68,chromatin organization,cellular component organization or biogenesis
GO:0023057,10,GO:0023051,0.879,5.047130200215529,0,negative regulation of signaling,regulation of signaling
GO:0010648,11,GO:0010646,0.879,5.047130200215529,0,negative regulation of cell communication,regulation of cell communication
GO:0034645,4,GO:0044260,0.793,5.047130200215529,1,cellular macromolecule biosynthetic process,cellular macromolecule metabolic process
GO:0045937,16,GO:0051174,0.939,5.047130200215529,0,positive regulation of phosphate metabolic process,regulation of phosphorus metabolic process
GO:0043408,10,GO:0023051,0.773,5.047130200215529,9,regulation of MAPK cascade,regulation of signaling
GO:2000113,4,GO:0044260,0.557,5.047130200215529,0,negative regulation of cellular macromolecule biosynthetic process,cellular macromolecule metabolic process
GO:0045934,2,GO:0050789,0.315,5.047130200215529,0,negative regulation of nucleobase-containing compound metabolic process,regulation of biological process
GO:0045892,2,GO:0050789,0.305,5.047130200215529,62,negative regulation of DNA-templated transcription,regulation of biological process
GO:1903322,8,GO:0043412,0.436,5.047130200215529,0,positive regulation of protein modification by small protein conjugation or removal,macromolecule modification
GO:1903320,8,GO:0043412,0.47,5.047130200215529,0,regulation of protein modification by small protein conjugation or removal,macromolecule modification
GO:0051234,12,GO:0051179,0.825,5.047130200215529,0,establishment of localization,localization
GO:0006950,6,GO:0050896,0.626,5.047130200215529,11,response to stress,response to stimulus
GO:1902532,10,GO:0023051,0.814,2.746507132063104,0,negative regulation of intracellular signal transduction,regulation of signaling
GO:0043068,14,GO:0043067,0.924,2.746507132063104,14,positive regulation of programmed cell death,regulation of programmed cell death
GO:0042274,1,GO:0071840,0.452,2.746507132063104,7,ribosomal small subunit biogenesis,cellular component organization or biogenesis
GO:0032006,10,GO:0023051,0.724,2.746507132063104,2,regulation of TOR signaling,regulation of signaling
GO:0033043,1,GO:0071840,0.552,2.746507132063104,0,regulation of organelle organization,cellular component organization or biogenesis
GO:0006399,7,GO:0006139,0.513,2.746507132063104,2,tRNA metabolic process,nucleobase-containing compound metabolic process
GO:0032880,12,GO:0051179,0.442,2.746507132063104,35,regulation of protein localization,localization
GO:0034097,13,GO:0010033,0.626,2.746507132063104,0,response to cytokine,response to organic substance
GO:0009451,8,GO:0043412,0.622,2.746507132063104,11,RNA modification,macromolecule modification
GO:1902116,1,GO:0071840,0.37,2.746507132063104,0,negative regulation of organelle assembly,cellular component organization or biogenesis
GO:1901566,5,GO:0071704,0.351,2.746507132063104,2,organonitrogen compound biosynthetic process,organic substance metabolic process
GO:0043039,23,GO:0043039,0.997,2.746507132063104,9,tRNA aminoacylation,tRNA aminoacylation
GO:0043087,9,GO:0065009,0.782,2.746507132063104,19,regulation of GTPase activity,regulation of molecular function
GO:0046907,12,GO:0051179,0.569,2.746507132063104,8,intracellular transport,localization
GO:2001235,14,GO:0043067,0.69,2.746507132063104,1,positive regulation of apoptotic signaling pathway,regulation of programmed cell death
GO:0051650,12,GO:0051179,0.403,2.746507132063104,0,establishment of vesicle localization,localization
GO:0006302,6,GO:0050896,0.378,2.746507132063104,18,double-strand break repair,response to stimulus
GO:0043604,7,GO:0006139,0.524,2.746507132063104,2,amide biosynthetic process,nucleobase-containing compound metabolic process
GO:0006281,6,GO:0050896,0.451,2.746507132063104,142,DNA repair,response to stimulus
GO:0120032,1,GO:0071840,0.407,2.746507132063104,0,regulation of plasma membrane bounded cell projection assembly,cellular component organization or biogenesis
GO:0071103,1,GO:0071840,0.448,2.746507132063104,0,DNA conformation change,cellular component organization or biogenesis
GO:0008033,7,GO:0006139,0.476,2.746507132063104,56,tRNA processing,nucleobase-containing compound metabolic process
GO:0031396,8,GO:0043412,0.436,2.746507132063104,0,regulation of protein ubiquitination,macromolecule modification
GO:0006518,7,GO:0006139,0.536,2.746507132063104,9,peptide metabolic process,nucleobase-containing compound metabolic process
GO:0048489,12,GO:0051179,0.361,2.746507132063104,18,synaptic vesicle transport,localization
GO:0032392,1,GO:0071840,0.438,2.746507132063104,0,DNA geometric change,cellular component organization or biogenesis
GO:0071345,13,GO:0010033,0.626,2.746507132063104,0,cellular response to cytokine stimulus,response to organic substance
GO:0032879,12,GO:0051179,0.528,2.746507132063104,0,regulation of localization,localization
GO:0043436,23,GO:0043039,0.767,2.746507132063104,0,oxoacid metabolic process,tRNA aminoacylation
GO:0060491,1,GO:0071840,0.407,2.746507132063104,0,regulation of cell projection assembly,cellular component organization or biogenesis
GO:0006520,23,GO:0043039,0.852,2.746507132063104,16,cellular amino acid metabolic process,tRNA aminoacylation
GO:0000725,7,GO:0006139,0.416,2.746507132063104,0,recombinational repair,nucleobase-containing compound metabolic process
GO:0019752,23,GO:0043039,0.767,2.746507132063104,13,carboxylic acid metabolic process,tRNA aminoacylation
GO:0006310,7,GO:0006139,0.473,2.746507132063104,38,DNA recombination,nucleobase-containing compound metabolic process
GO:0006368,15,GO:2001141,0.552,2.746507132063104,16,transcription elongation by RNA polymerase II promoter,regulation of RNA biosynthetic process
GO:0006354,15,GO:2001141,0.563,2.746507132063104,0,DNA-templated transcription elongation,regulation of RNA biosynthetic process
GO:0006082,23,GO:0043039,0.761,2.746507132063104,39,organic acid metabolic process,tRNA aminoacylation
GO:1902017,1,GO:0071840,0.387,2.746507132063104,3,regulation of cilium assembly,cellular component organization or biogenesis
GO:0070848,13,GO:0010033,0.795,2.746507132063104,0,response to growth factor,response to organic substance
GO:0032007,10,GO:0023051,0.657,2.746507132063104,1,negative regulation of TOR signaling,regulation of signaling
GO:0006378,7,GO:0006139,0.37,2.746507132063104,21,mRNA polyadenylation,nucleobase-containing compound metabolic process
GO:0006366,15,GO:2001141,0.856,2.746507132063104,19,transcription by RNA polymerase II,regulation of RNA biosynthetic process
GO:0002237,24,GO:0002237,1,2.746507132063104,0,response to molecule of bacterial origin,response to molecule of bacterial origin
GO:0043603,7,GO:0006139,0.55,2.746507132063104,0,cellular amide metabolic process,nucleobase-containing compound metabolic process
GO:0051345,9,GO:0065009,0.791,2.746507132063104,1,positive regulation of hydrolase activity,regulation of molecular function
GO:0043547,9,GO:0065009,0.763,2.746507132063104,31,positive regulation of GTPase activity,regulation of molecular function
GO:0031344,1,GO:0071840,0.522,2.746507132063104,6,regulation of cell projection organization,cellular component organization or biogenesis
GO:0051656,12,GO:0051179,0.472,2.746507132063104,0,establishment of organelle localization,localization
GO:0051648,12,GO:0051179,0.407,2.746507132063104,0,vesicle localization,localization
GO:0006974,6,GO:0050896,0.483,2.746507132063104,123,cellular response to DNA damage stimulus,response to stimulus
GO:0006259,7,GO:0006139,0.592,2.746507132063104,12,DNA metabolic process,nucleobase-containing compound metabolic process
GO:0002683,25,GO:0002683,1,2.746507132063104,0,negative regulation of immune system process,negative regulation of immune system process
GO:0001711,19,GO:0007423,0.28,2.746507132063104,0,endodermal cell fate commitment,sensory organ development
GO:0001704,19,GO:0007423,0.31,2.746507132063104,2,formation of primary germ layer,sensory organ development
GO:0044281,23,GO:0043039,0.661,2.746507132063104,9,small molecule metabolic process,tRNA aminoacylation
GO:0006432,23,GO:0043039,0.801,2.746507132063104,7,phenylalanyl-tRNA aminoacylation,tRNA aminoacylation
GO:0090630,9,GO:0065009,0.715,2.746507132063104,31,activation of GTPase activity,regulation of molecular function
GO:0051129,1,GO:0071840,0.498,2.746507132063104,0,negative regulation of cellular component organization,cellular component organization or biogenesis
GO:0010639,1,GO:0071840,0.471,2.746507132063104,0,negative regulation of organelle organization,cellular component organization or biogenesis
GO:0030490,1,GO:0071840,0.433,2.746507132063104,12,maturation of SSU-rRNA,cellular component organization or biogenesis
GO:0016072,7,GO:0006139,0.494,2.746507132063104,0,rRNA metabolic process,nucleobase-containing compound metabolic process
GO:0006364,7,GO:0006139,0.488,2.746507132063104,90,rRNA processing,nucleobase-containing compound metabolic process
GO:0043065,14,GO:0043067,0.904,2.746507132063104,23,positive regulation of apoptotic process,regulation of programmed cell death
GO:0010942,14,GO:0043067,0.907,2.746507132063104,0,positive regulation of cell death,regulation of programmed cell death
GO:0097479,12,GO:0051179,0.369,2.746507132063104,2,synaptic vesicle localization,localization
GO:0016192,12,GO:0051179,0.583,2.746507132063104,139,vesicle-mediated transport,localization
GO:0000724,7,GO:0006139,0.416,2.746507132063104,43,double-strand break repair via homologous recombination,nucleobase-containing compound metabolic process
GO:0006397,7,GO:0006139,0.534,2.746507132063104,131,mRNA processing,nucleobase-containing compound metabolic process
GO:0006351,15,GO:2001141,0.932,2.746507132063104,38,DNA-templated transcription,regulation of RNA biosynthetic process
GO:0002682,25,GO:0002683,0.92,2.746507132063104,0,regulation of immune system process,negative regulation of immune system process
GO:0002009,19,GO:0007423,0.301,2.746507132063104,23,morphogenesis of an epithelium,sensory organ development
GO:0001706,19,GO:0007423,0.282,2.746507132063104,0,endoderm formation,sensory organ development
GO:0043043,7,GO:0006139,0.517,2.746507132063104,0,peptide biosynthetic process,nucleobase-containing compound metabolic process
GO:0043038,23,GO:0043039,0.995,2.746507132063104,0,amino acid activation,tRNA aminoacylation
GO:0006418,23,GO:0043039,0.985,2.746507132063104,28,tRNA aminoacylation for protein translation,tRNA aminoacylation
GO:0006412,7,GO:0006139,0.515,2.746507132063104,238,translation,nucleobase-containing compound metabolic process
GO:1902115,1,GO:0071840,0.43,2.746507132063104,1,regulation of organelle assembly,cellular component organization or biogenesis
GO:1902018,1,GO:0071840,0.332,2.746507132063104,0,negative regulation of cilium assembly,cellular component organization or biogenesis
GO:0120035,1,GO:0071840,0.52,2.746507132063104,0,regulation of plasma membrane bounded cell projection organization,cellular component organization or biogenesis
GO:0120033,1,GO:0071840,0.34,2.746507132063104,0,negative regulation of plasma membrane bounded cell projection assembly,cellular component organization or biogenesis
GO:0044087,1,GO:0071840,0.514,2.746507132063104,3,regulation of cellular component biogenesis,cellular component organization or biogenesis
GO:0031398,8,GO:0043412,0.425,2.746507132063104,2,positive regulation of protein ubiquitination,macromolecule modification
GO:0031345,1,GO:0071840,0.424,2.746507132063104,1,negative regulation of cell projection organization,cellular component organization or biogenesis
GO:0042254,1,GO:0071840,0.565,2.746507132063104,50,ribosome biogenesis,cellular component organization or biogenesis
GO:0000154,8,GO:0043412,0.5,2.746507132063104,5,rRNA modification,macromolecule modification
GO:0099003,12,GO:0051179,0.4,2.746507132063104,0,vesicle-mediated transport in synapse,localization
GO:0051649,12,GO:0051179,0.599,2.746507132063104,0,establishment of localization in cell,localization
GO:0032508,1,GO:0071840,0.437,2.746507132063104,38,DNA duplex unwinding,cellular component organization or biogenesis
GO:2001237,14,GO:0043067,0.721,2.746507132063104,0,negative regulation of extrinsic apoptotic signaling pathway,regulation of programmed cell death
GO:2001236,14,GO:0043067,0.721,2.746507132063104,0,regulation of extrinsic apoptotic signaling pathway,regulation of programmed cell death
GO:2001234,14,GO:0043067,0.825,2.746507132063104,3,negative regulation of apoptotic signaling pathway,regulation of programmed cell death
GO:2000027,19,GO:0007423,0.592,2.746507132063104,0,regulation of animal organ morphogenesis,sensory organ development
GO:1901342,20,GO:2000026,0.631,2.746507132063104,0,regulation of vasculature development,regulation of multicellular organismal development
GO:0090066,22,GO:0065008,0.756,2.746507132063104,0,regulation of anatomical structure size,regulation of biological quality
GO:0060322,19,GO:0007423,0.251,2.746507132063104,0,head development,sensory organ development
GO:0060284,19,GO:0007423,0.311,2.746507132063104,1,regulation of cell development,sensory organ development
GO:0051962,20,GO:2000026,0.848,2.746507132063104,0,positive regulation of nervous system development,regulation of multicellular organismal development
GO:0051960,20,GO:2000026,0.89,2.746507132063104,0,regulation of nervous system development,regulation of multicellular organismal development
GO:0051240,20,GO:2000026,0.774,2.746507132063104,0,positive regulation of multicellular organismal process,regulation of multicellular organismal development
GO:0051094,19,GO:0007423,0.308,2.746507132063104,1,positive regulation of developmental process,sensory organ development
GO:0050890,21,GO:0032501,0.395,2.746507132063104,0,cognition,multicellular organismal process
GO:0050877,21,GO:0032501,0.533,2.746507132063104,100,nervous system process,multicellular organismal process
GO:0050769,20,GO:2000026,0.815,2.746507132063104,1,positive regulation of neurogenesis,regulation of multicellular organismal development
GO:0050767,20,GO:2000026,0.867,2.746507132063104,10,regulation of neurogenesis,regulation of multicellular organismal development
GO:0048870,26,GO:0048870,0.991,2.746507132063104,2,cell motility,cell motility
GO:0048699,19,GO:0007423,0.37,2.746507132063104,2,generation of neurons,sensory organ development
GO:0045765,20,GO:2000026,0.631,2.746507132063104,0,regulation of angiogenesis,regulation of multicellular organismal development
GO:0045666,19,GO:0007423,0.244,2.746507132063104,3,positive regulation of neuron differentiation,sensory organ development
GO:0045664,19,GO:0007423,0.276,2.746507132063104,15,regulation of neuron differentiation,sensory organ development
GO:0045597,19,GO:0007423,0.275,2.746507132063104,1,positive regulation of cell differentiation,sensory organ development
GO:0040011,27,GO:0040011,0.977,2.746507132063104,108,locomotion,locomotion
GO:0035556,10,GO:0023051,0.515,2.746507132063104,169,intracellular signal transduction,regulation of signaling
GO:0032535,22,GO:0065008,0.751,2.746507132063104,0,regulation of cellular component size,regulation of biological quality
GO:0031098,10,GO:0023051,0.384,2.746507132063104,0,stress-activated protein kinase signaling cascade,regulation of signaling
GO:0030182,19,GO:0007423,0.364,2.746507132063104,47,neuron differentiation,sensory organ development
GO:0030155,28,GO:0030155,1,2.746507132063104,10,regulation of cell adhesion,regulation of cell adhesion
GO:0030036,29,GO:0030036,0.991,2.746507132063104,33,actin cytoskeleton organization,actin cytoskeleton organization
GO:0030029,29,GO:0030036,0.981,2.746507132063104,1,actin filament-based process,actin cytoskeleton organization
GO:0023052,10,GO:0023051,0.643,2.746507132063104,4,signaling,regulation of signaling
GO:0022603,19,GO:0007423,0.329,2.746507132063104,0,regulation of anatomical structure morphogenesis,sensory organ development
GO:0022407,28,GO:0030155,0.892,2.746507132063104,0,regulation of cell-cell adhesion,regulation of cell adhesion
GO:0022008,19,GO:0007423,0.371,2.746507132063104,3,neurogenesis,sensory organ development
GO:0018209,8,GO:0043412,0.599,2.746507132063104,0,peptidyl-serine modification,macromolecule modification
GO:0018193,8,GO:0043412,0.72,2.746507132063104,1,peptidyl-amino acid modification,macromolecule modification
GO:0018105,8,GO:0043412,0.599,2.746507132063104,161,peptidyl-serine phosphorylation,macromolecule modification
GO:0016477,26,GO:0048870,0.985,2.746507132063104,61,cell migration,cell motility
GO:0016310,16,GO:0051174,0.571,2.746507132063104,483,phosphorylation,regulation of phosphorus metabolic process
GO:0010720,19,GO:0007423,0.297,2.746507132063104,0,positive regulation of cell development,sensory organ development
GO:0010256,1,GO:0071840,0.522,2.746507132063104,0,endomembrane system organization,cellular component organization or biogenesis
GO:0008361,22,GO:0065008,0.71,2.746507132063104,7,regulation of cell size,regulation of biological quality
GO:0008283,30,GO:0008283,0.998,2.746507132063104,1,cell population proliferation,cell population proliferation
GO:0007626,21,GO:0032501,0.394,2.746507132063104,22,locomotory behavior,multicellular organismal process
GO:0007613,21,GO:0032501,0.347,2.746507132063104,1,memory,multicellular organismal process
GO:0007612,21,GO:0032501,0.363,2.746507132063104,1,learning,multicellular organismal process
GO:0007611,21,GO:0032501,0.389,2.746507132063104,4,learning or memory,multicellular organismal process
GO:0007610,21,GO:0032501,0.557,2.746507132063104,18,behavior,multicellular organismal process
GO:0007420,19,GO:0007423,0.502,2.746507132063104,3,brain development,sensory organ development
GO:0007417,19,GO:0007423,0.284,2.746507132063104,10,central nervous system development,sensory organ development
GO:0007399,19,GO:0007423,0.38,2.746507132063104,112,nervous system development,sensory organ development
GO:0007266,10,GO:0023051,0.368,2.746507132063104,15,Rho protein signal transduction,regulation of signaling
GO:0007265,10,GO:0023051,0.413,2.746507132063104,24,Ras protein signal transduction,regulation of signaling
GO:0007264,10,GO:0023051,0.427,2.746507132063104,33,small GTPase mediated signal transduction,regulation of signaling
GO:0007165,10,GO:0023051,0.631,2.746507132063104,543,signal transduction,regulation of signaling
GO:0007154,11,GO:0010646,0.64,2.746507132063104,19,cell communication,regulation of cell communication
GO:0007030,1,GO:0071840,0.433,2.746507132063104,33,Golgi organization,cellular component organization or biogenesis
GO:0007010,1,GO:0071840,0.64,2.746507132063104,17,cytoskeleton organization,cellular component organization or biogenesis
GO:0006796,16,GO:0051174,0.616,2.746507132063104,6,phosphate-containing compound metabolic process,regulation of phosphorus metabolic process
GO:0006793,16,GO:0051174,0.617,2.746507132063104,0,phosphorus metabolic process,regulation of phosphorus metabolic process
GO:0006468,16,GO:0051174,0.541,2.746507132063104,541,protein phosphorylation,regulation of phosphorus metabolic process
GO:0003008,21,GO:0032501,0.554,2.746507132063104,0,system process,multicellular organismal process
GO:0055085,12,GO:0051179,0.642,2.746507132063104,462,transmembrane transport,localization
GO:0006839,12,GO:0051179,0.389,2.746507132063104,3,mitochondrial transport,localization
GO:1903047,17,GO:0051726,0.706,2.746507132063104,0,mitotic cell cycle process,regulation of cell cycle
GO:1902749,17,GO:0051726,0.747,2.746507132063104,1,regulation of cell cycle G2/M phase transition,regulation of cell cycle
GO:0140056,31,GO:0140056,0.999,2.746507132063104,0,organelle localization by membrane tethering,organelle localization by membrane tethering
GO:0120036,1,GO:0071840,0.631,2.746507132063104,1,plasma membrane bounded cell projection organization,cellular component organization or biogenesis
GO:0120031,1,GO:0071840,0.508,2.746507132063104,0,plasma membrane bounded cell projection assembly,cellular component organization or biogenesis
GO:0070925,1,GO:0071840,0.582,2.746507132063104,0,organelle assembly,cellular component organization or biogenesis
GO:0060271,1,GO:0071840,0.502,2.746507132063104,75,cilium assembly,cellular component organization or biogenesis
GO:0051346,9,GO:0065009,0.826,2.746507132063104,0,negative regulation of hydrolase activity,regulation of molecular function
GO:0045936,16,GO:0051174,0.87,2.746507132063104,0,negative regulation of phosphate metabolic process,regulation of phosphorus metabolic process
GO:0044839,17,GO:0051726,0.528,2.746507132063104,0,cell cycle G2/M phase transition,regulation of cell cycle
GO:0044782,1,GO:0071840,0.523,2.746507132063104,2,cilium organization,cellular component organization or biogenesis
GO:0044772,17,GO:0051726,0.601,2.746507132063104,11,mitotic cell cycle phase transition,regulation of cell cycle
GO:0044770,17,GO:0051726,0.632,2.746507132063104,1,cell cycle phase transition,regulation of cell cycle
GO:0044092,9,GO:0065009,0.862,2.746507132063104,0,negative regulation of molecular function,regulation of molecular function
GO:0043086,9,GO:0065009,0.851,2.746507132063104,21,negative regulation of catalytic activity,regulation of molecular function
GO:0035305,16,GO:0051174,0.779,2.746507132063104,0,negative regulation of dephosphorylation,regulation of phosphorus metabolic process
GO:0035303,16,GO:0051174,0.834,2.746507132063104,1,regulation of dephosphorylation,regulation of phosphorus metabolic process
GO:0030031,1,GO:0071840,0.51,2.746507132063104,7,cell projection assembly,cellular component organization or biogenesis
GO:0030030,1,GO:0071840,0.639,2.746507132063104,31,cell projection organization,cellular component organization or biogenesis
GO:0022406,31,GO:0140056,0.997,2.746507132063104,0,membrane docking,organelle localization by membrane tethering
GO:0022402,17,GO:0051726,0.77,2.746507132063104,0,cell cycle process,regulation of cell cycle
GO:0010923,16,GO:0051174,0.769,2.746507132063104,1,negative regulation of phosphatase activity,regulation of phosphorus metabolic process
GO:0010921,16,GO:0051174,0.808,2.746507132063104,0,regulation of phosphatase activity,regulation of phosphorus metabolic process
GO:0010563,16,GO:0051174,0.87,2.746507132063104,0,negative regulation of phosphorus metabolic process,regulation of phosphorus metabolic process
GO:0010389,17,GO:0051726,0.744,2.746507132063104,2,regulation of G2/M transition of mitotic cell cycle,regulation of cell cycle
GO:0007049,17,GO:0051726,0.807,2.746507132063104,179,cell cycle,regulation of cell cycle
GO:0000278,17,GO:0051726,0.721,2.746507132063104,54,mitotic cell cycle,regulation of cell cycle
GO:0000086,17,GO:0051726,0.526,2.746507132063104,2,G2/M transition of mitotic cell cycle,regulation of cell cycle
GO:0070828,1,GO:0071840,0.416,2.746507132063104,1,heterochromatin organization,cellular component organization or biogenesis
GO:2000134,17,GO:0051726,0.668,2.746507132063104,4,negative regulation of G1/S transition of mitotic cell cycle,regulation of cell cycle
GO:2000045,17,GO:0051726,0.692,2.746507132063104,0,regulation of G1/S transition of mitotic cell cycle,regulation of cell cycle
GO:1903508,2,GO:0050789,0.332,2.746507132063104,0,positive regulation of nucleic acid-templated transcription,regulation of biological process
GO:1903313,7,GO:0006139,0.396,2.746507132063104,0,positive regulation of mRNA metabolic process,nucleobase-containing compound metabolic process
GO:1903311,7,GO:0006139,0.443,2.746507132063104,0,regulation of mRNA metabolic process,nucleobase-containing compound metabolic process
GO:1902808,17,GO:0051726,0.643,2.746507132063104,0,positive regulation of cell cycle G1/S phase transition,regulation of cell cycle
GO:1902807,17,GO:0051726,0.692,2.746507132063104,3,negative regulation of cell cycle G1/S phase transition,regulation of cell cycle
GO:1902806,17,GO:0051726,0.727,2.746507132063104,4,regulation of cell cycle G1/S phase transition,regulation of cell cycle
GO:1902680,2,GO:0050789,0.332,2.746507132063104,0,positive regulation of RNA biosynthetic process,regulation of biological process
GO:1901991,17,GO:0051726,0.799,2.746507132063104,0,negative regulation of mitotic cell cycle phase transition,regulation of cell cycle
GO:1901989,17,GO:0051726,0.753,2.746507132063104,0,positive regulation of cell cycle phase transition,regulation of cell cycle
GO:1901988,17,GO:0051726,0.854,2.746507132063104,0,negative regulation of cell cycle phase transition,regulation of cell cycle
GO:1901701,13,GO:0010033,0.579,2.746507132063104,0,cellular response to oxygen-containing compound,response to organic substance
GO:1901700,13,GO:0010033,0.6,2.746507132063104,0,response to oxygen-containing compound,response to organic substance
GO:1901362,15,GO:2001141,0.877,2.746507132063104,0,organic cyclic compound biosynthetic process,regulation of RNA biosynthetic process
GO:0098727,32,GO:0098727,1,2.746507132063104,0,maintenance of cell number,maintenance of cell number
GO:0097659,15,GO:2001141,0.932,2.746507132063104,0,nucleic acid-templated transcription,regulation of RNA biosynthetic process
GO:0090263,11,GO:0010646,0.678,2.746507132063104,12,positive regulation of canonical Wnt signaling pathway,regulation of cell communication
GO:0090068,17,GO:0051726,0.833,2.746507132063104,0,positive regulation of cell cycle process,regulation of cell cycle
GO:0071826,1,GO:0071840,0.49,2.746507132063104,0,ribonucleoprotein complex subunit organization,cellular component organization or biogenesis
GO:0071396,13,GO:0010033,0.549,2.746507132063104,0,cellular response to lipid,response to organic substance
GO:0065003,1,GO:0071840,0.587,2.746507132063104,10,protein-containing complex assembly,cellular component organization or biogenesis
GO:0060828,11,GO:0010646,0.746,2.746507132063104,6,regulation of canonical Wnt signaling pathway,regulation of cell communication
GO:0060795,19,GO:0007423,0.308,2.746507132063104,0,cell fate commitment involved in formation of primary germ layer,sensory organ development
GO:0060562,19,GO:0007423,0.263,2.746507132063104,9,epithelial tube morphogenesis,sensory organ development
GO:0060429,19,GO:0007423,0.308,2.746507132063104,1,epithelium development,sensory organ development
GO:0051707,24,GO:0002237,0.549,2.746507132063104,1,response to other organism,response to molecule of bacterial origin
GO:0051254,2,GO:0050789,0.341,2.746507132063104,0,positive regulation of RNA metabolic process,regulation of biological process
GO:0051241,20,GO:2000026,0.708,2.746507132063104,0,negative regulation of multicellular organismal process,regulation of multicellular organismal development
GO:0051093,19,GO:0007423,0.286,2.746507132063104,3,negative regulation of developmental process,sensory organ development
GO:0050685,7,GO:0006139,0.292,2.746507132063104,1,positive regulation of mRNA processing,nucleobase-containing compound metabolic process
GO:0050684,7,GO:0006139,0.405,2.746507132063104,3,regulation of mRNA processing,nucleobase-containing compound metabolic process
GO:0050678,30,GO:0008283,0.73,2.746507132063104,0,regulation of epithelial cell proliferation,cell population proliferation
GO:0048729,19,GO:0007423,0.32,2.746507132063104,2,tissue morphogenesis,sensory organ development
GO:0048646,19,GO:0007423,0.33,2.746507132063104,0,anatomical structure formation involved in morphogenesis,sensory organ development
GO:0048598,19,GO:0007423,0.337,2.746507132063104,43,embryonic morphogenesis,sensory organ development
GO:0048569,19,GO:0007423,0.671,2.746507132063104,0,post-embryonic animal organ development,sensory organ development
GO:0048563,19,GO:0007423,0.481,2.746507132063104,2,post-embryonic animal organ morphogenesis,sensory organ development
GO:0045944,2,GO:0050789,0.322,2.746507132063104,250,positive regulation of transcription by RNA polymerase II,regulation of biological process
GO:0045935,2,GO:0050789,0.345,2.746507132063104,0,positive regulation of nucleobase-containing compound metabolic process,regulation of biological process
GO:0045930,17,GO:0051726,0.833,2.746507132063104,2,negative regulation of mitotic cell cycle,regulation of cell cycle
GO:0045893,2,GO:0050789,0.332,2.746507132063104,50,positive regulation of DNA-templated transcription,regulation of biological process
GO:0045787,17,GO:0051726,0.859,2.746507132063104,1,positive regulation of cell cycle,regulation of cell cycle
GO:0045786,17,GO:0051726,0.882,2.746507132063104,2,negative regulation of cell cycle,regulation of cell cycle
GO:0045596,19,GO:0007423,0.261,2.746507132063104,3,negative regulation of cell differentiation,sensory organ development
GO:0045165,19,GO:0007423,0.308,2.746507132063104,23,cell fate commitment,sensory organ development
GO:0043933,1,GO:0071840,0.603,2.746507132063104,0,protein-containing complex organization,cellular component organization or biogenesis
GO:0043631,7,GO:0006139,0.379,2.746507132063104,6,RNA polyadenylation,nucleobase-containing compound metabolic process
GO:0043207,24,GO:0002237,0.549,2.746507132063104,0,response to external biotic stimulus,response to molecule of bacterial origin
GO:0042127,30,GO:0008283,0.962,2.746507132063104,14,regulation of cell population proliferation,cell population proliferation
GO:0035987,19,GO:0007423,0.282,2.746507132063104,0,endodermal cell differentiation,sensory organ development
GO:0035295,19,GO:0007423,0.316,2.746507132063104,1,tube development,sensory organ development
GO:0035239,19,GO:0007423,0.299,2.746507132063104,0,tube morphogenesis,sensory organ development
GO:0034654,15,GO:2001141,0.891,2.746507132063104,1,nucleobase-containing compound biosynthetic process,regulation of RNA biosynthetic process
GO:0034402,7,GO:0006139,0.292,2.746507132063104,2,recruitment of 3'-end processing factors to RNA polymerase II holoenzyme complex,nucleobase-containing compound metabolic process
GO:0034243,15,GO:2001141,0.533,2.746507132063104,6,regulation of transcription elongation by RNA polymerase II,regulation of RNA biosynthetic process
GO:0033993,13,GO:0010033,0.617,2.746507132063104,3,response to lipid,response to organic substance
GO:0033523,8,GO:0043412,0.367,2.746507132063104,0,histone H2B ubiquitination,macromolecule modification
GO:0032968,15,GO:2001141,0.507,2.746507132063104,8,positive regulation of transcription elongation by RNA polymerase II,regulation of RNA biosynthetic process
GO:0032786,15,GO:2001141,0.525,2.746507132063104,4,"positive regulation of DNA-templated transcription, elongation",regulation of RNA biosynthetic process
GO:0032784,15,GO:2001141,0.55,2.746507132063104,2,regulation of DNA-templated transcription elongation,regulation of RNA biosynthetic process
GO:0032774,15,GO:2001141,0.933,2.746507132063104,0,RNA biosynthetic process,regulation of RNA biosynthetic process
GO:0031648,22,GO:0065008,0.528,2.746507132063104,3,protein destabilization,regulation of biological quality
GO:0031647,22,GO:0065008,0.652,2.746507132063104,19,regulation of protein stability,regulation of biological quality
GO:0031440,7,GO:0006139,0.303,2.746507132063104,0,regulation of mRNA 3'-end processing,nucleobase-containing compound metabolic process
GO:0031328,2,GO:0050789,0.34,2.746507132063104,0,positive regulation of cellular biosynthetic process,regulation of biological process
GO:0031124,7,GO:0006139,0.4,2.746507132063104,11,mRNA 3'-end processing,nucleobase-containing compound metabolic process
GO:0031123,7,GO:0006139,0.45,2.746507132063104,18,RNA 3'-end processing,nucleobase-containing compound metabolic process
GO:0030177,11,GO:0010646,0.694,2.746507132063104,4,positive regulation of Wnt signaling pathway,regulation of cell communication
GO:0030111,11,GO:0010646,0.771,2.746507132063104,2,regulation of Wnt signaling pathway,regulation of cell communication
GO:0022618,1,GO:0071840,0.488,2.746507132063104,2,ribonucleoprotein complex assembly,cellular component organization or biogenesis
GO:0019827,32,GO:0098727,1,2.746507132063104,2,stem cell population maintenance,maintenance of cell number
GO:0019438,15,GO:2001141,0.885,2.746507132063104,0,aromatic compound biosynthetic process,regulation of RNA biosynthetic process
GO:0018130,15,GO:2001141,0.883,2.746507132063104,0,heterocycle biosynthetic process,regulation of RNA biosynthetic process
GO:0016574,8,GO:0043412,0.449,2.746507132063104,2,histone ubiquitination,macromolecule modification
GO:0016570,8,GO:0043412,0.619,2.746507132063104,5,histone modification,macromolecule modification
GO:0016071,7,GO:0006139,0.563,2.746507132063104,5,mRNA metabolic process,nucleobase-containing compound metabolic process
GO:0010948,17,GO:0051726,0.87,2.746507132063104,0,negative regulation of cell cycle process,regulation of cell cycle
GO:0010628,2,GO:0050789,0.298,2.746507132063104,104,positive regulation of gene expression,regulation of biological process
GO:0010557,2,GO:0050789,0.339,2.746507132063104,0,positive regulation of macromolecule biosynthetic process,regulation of biological process
GO:0010390,8,GO:0043412,0.418,2.746507132063104,2,histone monoubiquitination,macromolecule modification
GO:0009891,2,GO:0050789,0.34,2.746507132063104,0,positive regulation of biosynthetic process,regulation of biological process
GO:0009888,19,GO:0007423,0.337,2.746507132063104,30,tissue development,sensory organ development
GO:0009886,19,GO:0007423,0.28,2.746507132063104,2,post-embryonic animal morphogenesis,sensory organ development
GO:0009791,19,GO:0007423,0.368,2.746507132063104,31,post-embryonic development,sensory organ development
GO:0009790,19,GO:0007423,0.37,2.746507132063104,62,embryo development,sensory organ development
GO:0009617,24,GO:0002237,0.639,2.746507132063104,0,response to bacterium,response to molecule of bacterial origin
GO:0009607,24,GO:0002237,0.549,2.746507132063104,0,response to biotic stimulus,response to molecule of bacterial origin
GO:0009605,6,GO:0050896,0.563,2.746507132063104,5,response to external stimulus,response to stimulus
GO:0008285,30,GO:0008283,0.834,2.746507132063104,7,negative regulation of cell population proliferation,cell population proliferation
GO:0007492,19,GO:0007423,0.29,2.746507132063104,5,endoderm development,sensory organ development
GO:0007369,19,GO:0007423,0.319,2.746507132063104,26,gastrulation,sensory organ development
GO:0006513,8,GO:0043412,0.431,2.746507132063104,2,protein monoubiquitination,macromolecule modification
