GO,GO:0000003,GO:0000280,GO:0003006,GO:0006412,GO:0006413,GO:0006417,GO:0006518,GO:0006807,GO:0006996,GO:0007049,GO:0007140,GO:0007276,GO:0007281,GO:0007283,GO:0008152,GO:0008283,GO:0009058,GO:0009059,GO:0009889,GO:0009987,GO:0010467,GO:0010468,GO:0010556,GO:0010608,GO:0016043,GO:0019222,GO:0019538,GO:0019953,GO:0022402,GO:0022412,GO:0022414,GO:0030154,GO:0031323,GO:0031326,GO:0032501,GO:0032502,GO:0032504,GO:0034248,GO:0034641,GO:0034645,GO:0043043,GO:0043170,GO:0043603,GO:0043604,GO:0044237,GO:0044238,GO:0044249,GO:0044260,GO:0044271,GO:0044703,GO:0048137,GO:0048232,GO:0048285,GO:0048468,GO:0048515,GO:0048609,GO:0048856,GO:0048869,GO:0050789,GO:0050794,GO:0051171,GO:0051246,GO:0051301,GO:0051321,GO:0060255,GO:0065007,GO:0071704,GO:0071840,GO:0080090,GO:0140013,GO:1901564,GO:1901566,GO:1901576,GO:1903046,GO:2000112
GO:0000003,0.955,0,0.844,0,0,0,0,0,0,0,0.521,0.781,0.727,0.646,0,0,0,0,0,0,0,0,0,0,0,0,0,0.794,0,0.75,0.943,0,0,0,0,0,0.839,0,0,0,0,0,0,0,0,0,0,0,0,0.537,0.433,0.653,0,0,0.549,0.788,0,0,0,0,0,0,0,0.775,0,0,0,0,0,0.713,0,0,0,0.739,0
GO:0000280,0,0.989,0,0.033,0.027,0.028,0.034,0,0.72,0.036,0.696,0,0.029,0,0,0.026,0,0,0,0.057,0,0,0,0,0.6,0,0,0,0.034,0.03,0,0.037,0.038,0.037,0,0,0,0.028,0.044,0.035,0.033,0,0.034,0.033,0.048,0,0.041,0.039,0.04,0,0.018,0,0.982,0.034,0.023,0,0,0.037,0,0.046,0,0,0.03,0.031,0,0,0,0.58,0,0.916,0,0,0,0.03,0.028
GO:0003006,0.844,0,0.98,0,0,0,0,0,0,0,0.5,0.726,0.857,0.769,0,0,0,0,0,0,0,0,0,0,0,0,0,0.715,0,0.7,0.859,0.508,0,0,0,0.594,0.752,0,0,0,0,0,0,0,0,0,0,0,0,0.515,0.53,0.617,0,0.464,0.662,0.732,0.575,0.509,0,0,0,0,0,0.721,0,0,0,0,0,0.669,0,0,0,0.691,0
GO:0006412,0,0.033,0,0.981,0.798,0.838,0.947,0.356,0.041,0.038,0.023,0,0.031,0,0.251,0.028,0.626,0.709,0.555,0.063,0.613,0.562,0.66,0.421,0.045,0.195,0.609,0,0.036,0.032,0,0.04,0.267,0.566,0,0,0,0.752,0.531,0.912,0.979,0.386,0.924,0.966,0.343,0.322,0.635,0.739,0.701,0,0.019,0,0.033,0.036,0.024,0,0,0.04,0,0.05,0.281,0.458,0.032,0.033,0.319,0,0.291,0.045,0.25,0.03,0.536,0.836,0.629,0.031,0.736
GO:0006413,0,0.027,0,0.798,0.997,0.701,0.767,0.265,0.032,0.031,0.02,0,0.026,0,0.184,0.023,0.483,0.553,0.439,0.045,0.472,0.442,0.523,0.35,0.035,0.152,0.469,0,0.029,0.026,0,0.031,0.21,0.449,0,0,0,0.629,0.404,0.734,0.796,0.288,0.745,0.785,0.254,0.238,0.491,0.58,0.547,0,0.017,0,0.027,0.029,0.021,0,0,0.032,0,0.038,0.221,0.374,0.027,0.027,0.249,0,0.214,0.035,0.196,0.025,0.409,0.665,0.486,0.026,0.616
GO:0006417,0,0.028,0,0.838,0.701,0.995,0.805,0.283,0.034,0.032,0.02,0,0.027,0,0.197,0.024,0.512,0.586,0.676,0.048,0.501,0.621,0.679,0.951,0.037,0.573,0.498,0,0.031,0.027,0,0.033,0.635,0.677,0,0,0,0.994,0.43,0.772,0.835,0.308,0.783,0.824,0.272,0.255,0.521,0.613,0.579,0,0.017,0,0.028,0.031,0.021,0,0,0.033,0.303,0.37,0.627,0.855,0.028,0.028,0.584,0.274,0.229,0.037,0.624,0.026,0.435,0.701,0.515,0.027,0.993
GO:0006518,0,0.034,0,0.947,0.767,0.805,0.976,0.372,0.042,0.039,0.023,0,0.032,0,0.263,0.028,0.211,0.236,0.186,0.067,0.251,0.23,0.22,0.171,0.046,0.202,0.533,0,0.037,0.033,0,0.041,0.276,0.267,0,0,0,0.771,0.553,0.246,0.949,0.288,0.952,0.918,0.358,0.253,0.301,0.281,0.496,0,0.019,0,0.034,0.037,0.024,0,0,0.041,0,0.052,0.291,0.398,0.033,0.034,0.236,0,0.304,0.047,0.194,0.031,0.558,0.457,0.249,0.032,0.198
GO:0006807,0,0,0,0.356,0.265,0.283,0.372,0.725,0,0,0,0,0,0,0.546,0,0.36,0.329,0.294,0,0.365,0.315,0.293,0.201,0,0.334,0.551,0,0,0,0,0,0.309,0.293,0,0,0,0.283,0.599,0.259,0.357,0.466,0.384,0.363,0.49,0.502,0.356,0.318,0.498,0,0,0,0,0,0,0,0,0,0,0,0.47,0.347,0,0,0.329,0,0.52,0,0.314,0,0.596,0.427,0.359,0,0.189
GO:0006996,0,0.72,0,0.041,0.032,0.034,0.042,0,0.939,0.046,0.474,0,0.035,0,0,0.031,0,0,0,0.087,0,0,0,0,0.801,0,0,0,0.043,0.037,0,0.048,0.05,0.048,0,0,0,0.034,0.06,0.044,0.041,0,0.043,0.042,0.069,0,0.056,0.051,0.053,0,0.021,0,0.726,0.043,0.026,0,0,0.048,0,0.063,0,0,0.037,0.038,0,0,0,0.778,0,0.656,0,0,0,0.036,0.034
GO:0007049,0,0.036,0,0.038,0.031,0.032,0.039,0,0.046,0.963,0.548,0,0.033,0,0,0.03,0,0,0,0.075,0,0,0,0,0.05,0,0,0,0.911,0.034,0,0.044,0.046,0.044,0,0,0,0.032,0.054,0.041,0.038,0,0.04,0.039,0.061,0,0.05,0.047,0.048,0,0.02,0,0.036,0.04,0.025,0,0,0.044,0,0.057,0,0,0.035,0.809,0,0,0,0.051,0,0.746,0,0,0,0.773,0.032
GO:0007140,0.521,0.696,0.5,0.023,0.02,0.02,0.023,0,0.474,0.548,1,0.695,0.714,0.83,0,0.019,0,0,0,0.032,0,0,0,0,0.384,0,0,0.682,0.599,0.728,0.533,0.025,0.025,0.025,0.308,0,0.635,0.02,0.027,0.024,0.023,0,0.023,0.023,0.029,0,0.026,0.025,0.026,0.376,0.632,0.836,0.69,0.023,0.746,0.687,0,0.025,0,0.028,0,0,0.021,0.701,0,0,0,0.37,0,0.768,0,0,0,0.739,0.02
GO:0007276,0.781,0,0.726,0,0,0,0,0,0,0,0.695,0.989,0.93,0.84,0,0,0,0,0,0,0,0,0,0,0,0,0,0.974,0,0.838,0.796,0,0,0,0.493,0,0.92,0,0,0,0,0,0,0,0,0,0,0,0,0.491,0.589,0.848,0,0,0.729,0.98,0,0,0,0,0,0,0,0.676,0,0,0,0,0,0.63,0,0,0,0.65,0
GO:0007281,0.727,0.029,0.857,0.031,0.026,0.027,0.032,0,0.035,0.033,0.714,0.93,0.994,0.797,0,0.025,0,0,0,0.051,0,0,0,0,0.038,0,0,0.915,0.032,0.966,0.741,0.715,0.036,0.035,0.452,0.499,0.862,0.027,0.04,0.032,0.031,0,0.032,0.031,0.044,0,0.038,0.036,0.037,0.47,0.608,0.804,0.029,0.825,0.747,0.921,0.546,0.713,0,0.042,0,0,0.029,0.636,0,0,0,0.038,0,0.595,0,0,0,0.613,0.027
GO:0007283,0.646,0,0.769,0,0,0,0,0,0,0,0.83,0.84,0.797,0.998,0,0,0,0,0,0,0,0,0,0,0,0,0,0.825,0,0.715,0.659,0.388,0,0,0.394,0.436,0.775,0,0,0,0,0,0,0,0,0,0,0,0,0.436,0.728,0.989,0,0.362,0.881,0.832,0.426,0.388,0,0,0,0,0,0.575,0,0,0,0,0,0.541,0,0,0,0.556,0
GO:0008152,0,0,0,0.251,0.184,0.197,0.263,0.546,0,0,0,0,0,0,0.628,0,0.394,0.357,0.316,0,0.4,0.34,0.315,0.212,0,0.363,0.402,0,0,0,0,0,0.334,0.316,0,0,0,0.198,0.441,0.276,0.252,0.526,0.272,0.257,0.555,0.571,0.39,0.344,0.36,0,0,0,0,0,0,0,0,0,0,0,0.338,0.245,0,0,0.358,0,0.595,0,0.339,0,0.438,0.305,0.393,0,0.198
GO:0008283,0,0.026,0,0.028,0.023,0.024,0.028,0,0.031,0.03,0.019,0,0.025,0,0,0.998,0,0,0,0.043,0,0,0,0,0.033,0,0,0,0.028,0.025,0,0.03,0.031,0.031,0,0,0,0.024,0.035,0.029,0.028,0,0.029,0.028,0.038,0,0.033,0.032,0.032,0,0.017,0,0.026,0.028,0.02,0,0,0.03,0,0.036,0,0,0.026,0.026,0,0,0,0.034,0,0.025,0,0,0,0.025,0.024
GO:0009058,0,0,0,0.626,0.483,0.512,0.211,0.36,0,0,0,0,0,0,0.394,0,0.885,0.823,0.749,0,0.291,0.258,0.747,0.176,0,0.27,0.292,0,0,0,0,0,0.254,0.749,0,0,0,0.167,0.311,0.675,0.627,0.351,0.216,0.636,0.364,0.371,0.878,0.26,0.828,0,0,0,0,0,0,0,0,0,0,0,0.256,0.199,0,0,0.268,0,0.381,0,0.257,0,0.31,0.73,0.882,0,0.514
GO:0009059,0,0,0,0.709,0.553,0.586,0.236,0.329,0,0,0,0,0,0,0.357,0,0.823,0.917,0.704,0,0.447,0.399,0.838,0.279,0,0.252,0.448,0,0,0,0,0,0.238,0.704,0,0,0,0.16,0.288,0.761,0.6,0.532,0.205,0.603,0.332,0.338,0.816,0.402,0.773,0,0,0,0,0,0,0,0,0,0,0,0.24,0.313,0,0,0.414,0,0.409,0,0.241,0,0.339,0.692,0.827,0,0.587
GO:0009889,0,0,0,0.555,0.439,0.676,0.186,0.294,0,0,0,0,0,0,0.316,0,0.749,0.704,0.948,0,0.246,0.792,0.945,0.567,0,0.826,0.246,0,0,0,0,0,0.782,0.947,0,0,0,0.539,0.26,0.593,0.556,0.288,0.19,0.563,0.296,0.301,0.744,0.223,0.708,0,0,0,0,0,0,0,0,0,0.47,0.445,0.788,0.631,0,0,0.818,0.429,0.307,0,0.79,0,0.259,0.635,0.747,0,0.678
GO:0009987,0,0.057,0,0.063,0.045,0.048,0.067,0,0.087,0.075,0.032,0,0.051,0,0,0.043,0,0,0,0.337,0,0,0,0,0.104,0,0,0,0.068,0.053,0,0.08,0.088,0.082,0,0,0,0.049,0.124,0.071,0.064,0,0.069,0.065,0.167,0,0.106,0.091,0.097,0,0.025,0,0.057,0.067,0.034,0,0,0.081,0,0.138,0,0,0.055,0.056,0,0,0,0.107,0,0.049,0,0,0,0.052,0.049
GO:0010467,0,0,0,0.613,0.472,0.501,0.251,0.365,0,0,0,0,0,0,0.4,0,0.291,0.447,0.246,0,0.88,0.779,0.405,0.532,0,0.273,0.488,0,0,0,0,0,0.257,0.245,0,0,0,0.168,0.315,0.366,0.243,0.589,0.218,0.208,0.369,0.376,0.288,0.434,0.272,0,0,0,0,0,0,0,0,0,0,0,0.259,0.332,0,0,0.447,0,0.457,0,0.259,0,0.371,0.283,0.342,0,0.278
GO:0010468,0,0,0,0.562,0.442,0.621,0.23,0.315,0,0,0,0,0,0,0.34,0,0.258,0.399,0.792,0,0.779,0.93,0.81,0.657,0,0.871,0.432,0,0,0,0,0,0.823,0.791,0,0,0,0.558,0.277,0.333,0.222,0.509,0.199,0.191,0.318,0.323,0.256,0.389,0.243,0,0,0,0,0,0,0,0,0,0.503,0.475,0.83,0.675,0,0,0.885,0.46,0.39,0,0.832,0,0.326,0.256,0.304,0,0.573
GO:0010556,0,0,0,0.66,0.523,0.679,0.22,0.293,0,0,0,0,0,0,0.315,0,0.747,0.838,0.945,0,0.405,0.81,0.948,0.581,0,0.823,0.407,0,0,0,0,0,0.78,0.945,0,0,0,0.538,0.26,0.706,0.559,0.474,0.19,0.561,0.295,0.3,0.742,0.369,0.706,0,0,0,0,0,0,0,0,0,0.468,0.444,0.786,0.646,0,0,0.837,0.427,0.362,0,0.788,0,0.306,0.638,0.751,0,0.681
GO:0010608,0,0,0,0.421,0.35,0.951,0.171,0.201,0,0,0,0,0,0,0.212,0,0.176,0.279,0.567,0,0.532,0.657,0.581,0.992,0,0.607,0.295,0,0,0,0,0,0.583,0.567,0,0,0,0.436,0.185,0.245,0.166,0.329,0.147,0.142,0.203,0.205,0.176,0.274,0.169,0,0,0,0,0,0,0,0,0,0.324,0.312,0.586,0.508,0,0,0.618,0.294,0.246,0,0.588,0,0.218,0.184,0.208,0,0.448
GO:0016043,0,0.6,0,0.045,0.035,0.037,0.046,0,0.801,0.05,0.384,0,0.038,0,0,0.033,0,0,0,0.104,0,0,0,0,0.896,0,0,0,0.047,0.039,0,0.052,0.056,0.053,0,0,0,0.037,0.068,0.048,0.045,0,0.047,0.045,0.079,0,0.062,0.057,0.059,0,0.022,0,0.605,0.047,0.028,0,0,0.052,0,0.072,0,0,0.04,0.041,0,0,0,0.871,0,0.542,0,0,0,0.039,0.037
GO:0019222,0,0,0,0.195,0.152,0.573,0.202,0.334,0,0,0,0,0,0,0.363,0,0.27,0.252,0.826,0,0.273,0.871,0.823,0.607,0,0.912,0.274,0,0,0,0,0,0.86,0.825,0,0,0,0.574,0.292,0.209,0.195,0.326,0.207,0.198,0.337,0.343,0.268,0.246,0.254,0,0,0,0,0,0,0,0,0,0.534,0.502,0.867,0.681,0,0,0.903,0.488,0.352,0,0.869,0,0.29,0.225,0.27,0,0.575
GO:0019538,0,0,0,0.609,0.469,0.498,0.533,0.551,0,0,0,0,0,0,0.402,0,0.292,0.448,0.246,0,0.488,0.432,0.407,0.295,0,0.274,0.878,0,0,0,0,0,0.257,0.246,0,0,0,0.252,0.475,0.367,0.515,0.592,0.329,0.314,0.371,0.503,0.289,0.436,0.41,0,0,0,0,0,0,0,0,0,0,0,0.39,0.596,0,0,0.449,0,0.459,0,0.347,0,0.788,0.6,0.344,0,0.278
GO:0019953,0.794,0,0.715,0,0,0,0,0,0,0,0.682,0.974,0.915,0.825,0,0,0,0,0,0,0,0,0,0,0,0,0,0.987,0,0.647,0.785,0,0,0,0,0,0.712,0,0,0,0,0,0,0,0,0,0,0,0,0.482,0.576,0.834,0,0,0.715,0.675,0,0,0,0,0,0,0,0.666,0,0,0,0,0,0.619,0,0,0,0.639,0
GO:0022402,0,0.034,0,0.036,0.029,0.031,0.037,0,0.043,0.911,0.599,0,0.032,0,0,0.028,0,0,0,0.068,0,0,0,0,0.047,0,0,0,0.974,0.033,0,0.041,0.043,0.042,0,0,0,0.031,0.05,0.039,0.036,0,0.038,0.037,0.056,0,0.047,0.044,0.045,0,0.019,0,0.034,0.038,0.024,0,0,0.041,0,0.053,0,0,0.033,0.772,0,0,0,0.047,0,0.806,0,0,0,0.833,0.031
GO:0022412,0.75,0.03,0.7,0.032,0.026,0.027,0.033,0,0.037,0.034,0.728,0.838,0.966,0.715,0,0.025,0,0,0,0.053,0,0,0,0,0.039,0,0,0.647,0.033,0.992,0.765,0.035,0.037,0.036,0.469,0,0.888,0.027,0.042,0.033,0.032,0,0.033,0.032,0.046,0,0.04,0.037,0.038,0.479,0.619,0.722,0.03,0.033,0.762,0.844,0,0.035,0,0.043,0,0,0.029,0.654,0,0,0,0.04,0,0.61,0,0,0,0.629,0.027
GO:0022414,0.943,0,0.859,0,0,0,0,0,0,0,0.533,0.796,0.741,0.659,0,0,0,0,0,0,0,0,0,0,0,0,0,0.785,0,0.765,0.958,0,0,0,0,0,0.829,0,0,0,0,0,0,0,0,0,0,0,0,0.549,0.443,0.667,0,0,0.561,0.803,0,0,0,0,0,0,0,0.79,0,0,0,0,0,0.727,0,0,0,0.754,0
GO:0030154,0,0.037,0.508,0.04,0.031,0.033,0.041,0,0.048,0.044,0.025,0,0.715,0.388,0,0.03,0,0,0,0.08,0,0,0,0,0.052,0,0,0,0.041,0.035,0,0.952,0.048,0.046,0,0.697,0,0.033,0.057,0.042,0.04,0,0.042,0.04,0.065,0,0.053,0.049,0.05,0,0.26,0,0.037,0.858,0.54,0,0.671,0.95,0,0.06,0,0,0.036,0.037,0,0,0,0.053,0,0.034,0,0,0,0.035,0.033
GO:0031323,0,0.038,0,0.267,0.21,0.635,0.276,0.309,0.05,0.046,0.025,0,0.036,0,0.334,0.031,0.254,0.238,0.782,0.088,0.257,0.823,0.78,0.583,0.056,0.86,0.257,0,0.043,0.037,0,0.048,0.935,0.899,0,0,0,0.636,0.391,0.286,0.268,0.303,0.283,0.271,0.448,0.317,0.362,0.333,0.344,0,0.021,0,0.039,0.043,0.027,0,0,0.048,0.495,0.591,0.819,0.651,0.037,0.038,0.852,0.452,0.325,0.056,0.822,0.035,0.272,0.214,0.253,0.036,0.636
GO:0031326,0,0.037,0,0.566,0.449,0.677,0.267,0.293,0.048,0.044,0.025,0,0.035,0,0.316,0.031,0.749,0.704,0.947,0.082,0.245,0.791,0.945,0.567,0.053,0.825,0.246,0,0.042,0.036,0,0.046,0.899,0.948,0,0,0,0.619,0.373,0.606,0.568,0.287,0.273,0.575,0.425,0.3,0.76,0.32,0.723,0,0.021,0,0.038,0.042,0.026,0,0,0.046,0.47,0.562,0.787,0.631,0.036,0.037,0.817,0.428,0.307,0.054,0.79,0.034,0.259,0.634,0.747,0.035,0.679
GO:0032501,0,0,0,0,0,0,0,0,0,0,0.308,0.493,0.452,0.394,0,0,0,0,0,0,0,0,0,0,0,0,0,0,0,0.469,0,0,0,0,0.843,0,0.537,0,0,0,0,0,0,0,0,0,0,0,0,0,0.251,0.399,0,0,0.327,0.498,0,0,0,0,0,0,0,0,0,0,0,0,0,0,0,0,0,0,0
GO:0032502,0,0,0.594,0,0,0,0,0,0,0,0,0,0.499,0.436,0,0,0,0,0,0,0,0,0,0,0,0,0,0,0,0,0,0.697,0,0,0,0.869,0,0,0,0,0,0,0,0,0,0,0,0,0,0,0.28,0,0,0.616,0.364,0,0.83,0.698,0,0,0,0,0,0,0,0,0,0,0,0,0,0,0,0,0
GO:0032504,0.839,0,0.752,0,0,0,0,0,0,0,0.635,0.92,0.862,0.775,0,0,0,0,0,0,0,0,0,0,0,0,0,0.712,0,0.888,0.829,0,0,0,0.537,0,0.981,0,0,0,0,0,0,0,0,0,0,0,0,0.498,0.535,0.783,0,0,0.667,0.928,0,0,0,0,0,0,0,0.697,0,0,0,0,0,0.646,0,0,0,0.668,0
GO:0034248,0,0.028,0,0.752,0.629,0.994,0.771,0.283,0.034,0.032,0.02,0,0.027,0,0.198,0.024,0.167,0.16,0.539,0.049,0.168,0.558,0.538,0.436,0.037,0.574,0.252,0,0.031,0.027,0,0.033,0.636,0.619,0,0,0,0.995,0.431,0.203,0.754,0.186,0.784,0.76,0.272,0.192,0.238,0.225,0.396,0,0.017,0,0.028,0.031,0.021,0,0,0.033,0.304,0.371,0.628,0.534,0.028,0.028,0.57,0.275,0.194,0.037,0.557,0.026,0.261,0.223,0.166,0.027,0.482
GO:0034641,0,0.044,0,0.531,0.404,0.43,0.553,0.599,0.06,0.054,0.027,0,0.04,0,0.441,0.035,0.311,0.288,0.26,0.124,0.315,0.277,0.26,0.185,0.068,0.292,0.475,0,0.05,0.042,0,0.057,0.391,0.373,0,0,0,0.431,0.84,0.334,0.532,0.388,0.568,0.54,0.58,0.412,0.443,0.401,0.716,0,0.022,0,0.044,0.05,0.029,0,0,0.057,0,0.081,0.413,0.316,0.043,0.044,0.288,0,0.424,0.069,0.276,0.039,0.508,0.38,0.31,0.041,0.251
GO:0034645,0,0.035,0,0.912,0.734,0.772,0.246,0.259,0.044,0.041,0.024,0,0.032,0,0.276,0.029,0.675,0.761,0.593,0.071,0.366,0.333,0.706,0.245,0.048,0.209,0.367,0,0.039,0.033,0,0.042,0.286,0.606,0,0,0,0.203,0.334,0.97,0.525,0.421,0.252,0.531,0.375,0.265,0.685,0.793,0.655,0,0.02,0,0.035,0.038,0.025,0,0,0.042,0,0.054,0.201,0.271,0.034,0.034,0.343,0,0.319,0.049,0.201,0.032,0.274,0.585,0.679,0.033,0.774
GO:0043043,0,0.033,0,0.979,0.796,0.835,0.949,0.357,0.041,0.038,0.023,0,0.031,0,0.252,0.028,0.627,0.6,0.556,0.064,0.243,0.222,0.559,0.166,0.045,0.195,0.515,0,0.036,0.032,0,0.04,0.268,0.568,0,0,0,0.754,0.532,0.525,0.981,0.276,0.926,0.968,0.344,0.242,0.637,0.272,0.703,0,0.019,0,0.033,0.036,0.024,0,0,0.04,0,0.05,0.282,0.387,0.032,0.033,0.229,0,0.291,0.045,0.188,0.03,0.538,0.838,0.631,0.031,0.424
GO:0043170,0,0,0,0.386,0.288,0.308,0.288,0.466,0,0,0,0,0,0,0.526,0,0.351,0.532,0.288,0,0.589,0.509,0.474,0.329,0,0.326,0.592,0,0,0,0,0,0.303,0.287,0,0,0,0.186,0.388,0.421,0.276,0.748,0.251,0.238,0.473,0.485,0.348,0.515,0.324,0,0,0,0,0,0,0,0,0,0,0,0.306,0.377,0,0,0.533,0,0.593,0,0.307,0,0.456,0.329,0.414,0,0.309
GO:0043603,0,0.034,0,0.924,0.745,0.783,0.952,0.384,0.043,0.04,0.023,0,0.032,0,0.272,0.029,0.216,0.205,0.19,0.069,0.218,0.199,0.19,0.147,0.047,0.207,0.329,0,0.038,0.033,0,0.042,0.283,0.273,0,0,0,0.784,0.568,0.252,0.926,0.251,0.972,0.936,0.369,0.261,0.309,0.288,0.509,0,0.02,0,0.035,0.038,0.025,0,0,0.042,0,0.053,0.298,0.244,0.034,0.034,0.205,0,0.266,0.048,0.199,0.032,0.344,0.28,0.216,0.033,0.201
GO:0043604,0,0.033,0,0.966,0.785,0.824,0.918,0.363,0.042,0.039,0.023,0,0.031,0,0.257,0.028,0.636,0.603,0.563,0.065,0.208,0.191,0.561,0.142,0.045,0.198,0.314,0,0.037,0.032,0,0.04,0.271,0.575,0,0,0,0.76,0.54,0.531,0.968,0.238,0.936,0.979,0.349,0.246,0.646,0.275,0.712,0,0.019,0,0.033,0.037,0.024,0,0,0.04,0,0.051,0.285,0.235,0.033,0.033,0.196,0,0.251,0.046,0.19,0.031,0.328,0.552,0.635,0.032,0.428
GO:0044237,0,0.048,0,0.343,0.254,0.272,0.358,0.49,0.069,0.061,0.029,0,0.044,0,0.555,0.038,0.364,0.332,0.296,0.167,0.369,0.318,0.295,0.203,0.079,0.337,0.371,0,0.056,0.046,0,0.065,0.448,0.425,0,0,0,0.272,0.58,0.375,0.344,0.473,0.369,0.349,0.714,0.51,0.517,0.461,0.481,0,0.023,0,0.049,0.056,0.031,0,0,0.065,0,0.097,0.316,0.233,0.047,0.048,0.333,0,0.529,0.081,0.317,0.043,0.401,0.287,0.363,0.045,0.273
GO:0044238,0,0,0,0.322,0.238,0.255,0.253,0.502,0,0,0,0,0,0,0.571,0,0.371,0.338,0.301,0,0.376,0.323,0.3,0.205,0,0.343,0.503,0,0,0,0,0,0.317,0.3,0,0,0,0.192,0.412,0.265,0.242,0.485,0.261,0.246,0.51,0.696,0.367,0.326,0.341,0,0,0,0,0,0,0,0,0,0,0,0.32,0.314,0,0,0.338,0,0.543,0,0.428,0,0.41,0.291,0.369,0,0.192
GO:0044249,0,0.041,0,0.635,0.491,0.521,0.301,0.356,0.056,0.05,0.026,0,0.038,0,0.39,0.033,0.878,0.816,0.744,0.106,0.288,0.256,0.742,0.176,0.062,0.268,0.289,0,0.047,0.04,0,0.053,0.362,0.76,0,0,0,0.238,0.443,0.685,0.637,0.348,0.309,0.646,0.517,0.367,0.889,0.37,0.84,0,0.022,0,0.042,0.047,0.028,0,0,0.053,0,0.073,0.254,0.198,0.04,0.041,0.265,0,0.377,0.063,0.255,0.037,0.307,0.725,0.875,0.039,0.522
GO:0044260,0,0.039,0,0.739,0.58,0.613,0.281,0.318,0.051,0.047,0.025,0,0.036,0,0.344,0.032,0.26,0.402,0.223,0.091,0.434,0.389,0.369,0.274,0.057,0.246,0.436,0,0.044,0.037,0,0.049,0.333,0.32,0,0,0,0.225,0.401,0.793,0.272,0.515,0.288,0.275,0.461,0.326,0.37,0.928,0.351,0,0.021,0,0.039,0.044,0.027,0,0,0.049,0,0.066,0.234,0.307,0.038,0.039,0.403,0,0.395,0.058,0.235,0.035,0.329,0.258,0.306,0.037,0.615
GO:0044271,0,0.04,0,0.701,0.547,0.579,0.496,0.498,0.053,0.048,0.026,0,0.037,0,0.36,0.032,0.828,0.773,0.708,0.097,0.272,0.243,0.706,0.169,0.059,0.254,0.41,0,0.045,0.038,0,0.05,0.344,0.723,0,0,0,0.396,0.716,0.655,0.703,0.324,0.509,0.712,0.481,0.341,0.84,0.351,0.915,0,0.021,0,0.04,0.045,0.027,0,0,0.051,0,0.068,0.363,0.285,0.039,0.04,0.251,0,0.349,0.06,0.242,0.036,0.434,0.691,0.826,0.038,0.505
GO:0044703,0.537,0,0.515,0,0,0,0,0,0,0,0.376,0.491,0.47,0.436,0,0,0,0,0,0,0,0,0,0,0,0,0,0.482,0,0.479,0.549,0,0,0,0,0,0.498,0,0,0,0,0,0,0,0,0,0,0,0,1,0.33,0.439,0,0,0.391,0.494,0,0,0,0,0,0,0,0.489,0,0,0,0,0,0.464,0,0,0,0.475,0
GO:0048137,0.433,0.018,0.53,0.019,0.017,0.017,0.019,0,0.021,0.02,0.632,0.589,0.608,0.728,0,0.017,0,0,0,0.025,0,0,0,0,0.022,0,0,0.576,0.019,0.619,0.443,0.26,0.021,0.021,0.251,0.28,0.535,0.017,0.022,0.02,0.019,0,0.02,0.019,0.023,0,0.022,0.021,0.021,0.33,1,0.72,0.018,0.248,0.664,0.582,0.276,0.26,0,0.023,0,0,0.607,0.404,0,0,0,0.022,0,0.387,0,0,0,0.394,0.017
GO:0048232,0.653,0,0.617,0,0,0,0,0,0,0,0.836,0.848,0.804,0.989,0,0,0,0,0,0,0,0,0,0,0,0,0,0.834,0,0.722,0.667,0,0,0,0.399,0,0.783,0,0,0,0,0,0,0,0,0,0,0,0,0.439,0.72,0.997,0,0,0.872,0.84,0,0,0,0,0,0,0,0.581,0,0,0,0,0,0.546,0,0,0,0.561,0
GO:0048285,0,0.982,0,0.033,0.027,0.028,0.034,0,0.726,0.036,0.69,0,0.029,0,0,0.026,0,0,0,0.057,0,0,0,0,0.605,0,0,0,0.034,0.03,0,0.037,0.039,0.038,0,0,0,0.028,0.044,0.035,0.033,0,0.035,0.033,0.049,0,0.042,0.039,0.04,0,0.018,0,0.988,0.034,0.023,0,0,0.037,0,0.046,0,0,0.03,0.031,0,0,0,0.585,0,0.909,0,0,0,0.03,0.029
GO:0048468,0,0.034,0.464,0.036,0.029,0.031,0.037,0,0.043,0.04,0.023,0,0.825,0.362,0,0.028,0,0,0,0.067,0,0,0,0,0.047,0,0,0,0.038,0.033,0,0.858,0.043,0.042,0,0.616,0,0.031,0.05,0.038,0.036,0,0.038,0.037,0.056,0,0.047,0.044,0.045,0,0.248,0,0.034,0.975,0.508,0,0.67,0.856,0,0.052,0,0,0.033,0.034,0,0,0,0.047,0,0.031,0,0,0,0.032,0.031
GO:0048515,0.549,0.023,0.662,0.024,0.021,0.021,0.024,0,0.026,0.025,0.746,0.729,0.747,0.881,0,0.02,0,0,0,0.034,0,0,0,0,0.028,0,0,0.715,0.024,0.762,0.561,0.54,0.027,0.026,0.327,0.364,0.667,0.021,0.029,0.025,0.024,0,0.025,0.024,0.031,0,0.028,0.027,0.027,0.391,0.664,0.872,0.023,0.508,1,0.721,0.357,0.538,0,0.03,0,0,0.022,0.499,0,0,0,0.028,0,0.473,0,0,0,0.485,0.021
GO:0048609,0.788,0,0.732,0,0,0,0,0,0,0,0.687,0.98,0.921,0.832,0,0,0,0,0,0,0,0,0,0,0,0,0,0.675,0,0.844,0.803,0,0,0,0.498,0,0.928,0,0,0,0,0,0,0,0,0,0,0,0,0.494,0.582,0.84,0,0,0.721,0.988,0,0,0,0,0,0,0,0.681,0,0,0,0,0,0.634,0,0,0,0.654,0
GO:0048856,0,0,0.575,0,0,0,0,0,0,0,0,0,0.546,0.426,0,0,0,0,0,0,0,0,0,0,0,0,0,0,0,0,0,0.671,0,0,0,0.83,0,0,0,0,0,0,0,0,0,0,0,0,0,0,0.276,0,0,0.67,0.357,0,0.892,0.673,0,0,0,0,0,0,0,0,0,0,0,0,0,0,0,0,0
GO:0048869,0,0.037,0.509,0.04,0.032,0.033,0.041,0,0.048,0.044,0.025,0,0.713,0.388,0,0.03,0,0,0,0.081,0,0,0,0,0.052,0,0,0,0.041,0.035,0,0.95,0.048,0.046,0,0.698,0,0.033,0.057,0.042,0.04,0,0.042,0.04,0.065,0,0.053,0.049,0.051,0,0.26,0,0.037,0.856,0.538,0,0.673,0.952,0,0.06,0,0,0.036,0.037,0,0,0,0.053,0,0.034,0,0,0,0.035,0.033
GO:0050789,0,0,0,0,0,0.303,0,0,0,0,0,0,0,0,0,0,0,0,0.47,0,0,0.503,0.468,0.324,0,0.534,0,0,0,0,0,0,0.495,0.47,0,0,0,0.304,0,0,0,0,0,0,0,0,0,0,0,0,0,0,0,0,0,0,0,0,0.744,0.683,0.5,0.371,0,0,0.527,0.688,0,0,0.502,0,0,0,0,0,0.304
GO:0050794,0,0.046,0,0.05,0.038,0.37,0.052,0,0.063,0.057,0.028,0,0.042,0,0,0.036,0,0,0.445,0.138,0,0.475,0.444,0.312,0.072,0.502,0,0,0.053,0.043,0,0.06,0.591,0.562,0,0,0,0.371,0.081,0.054,0.05,0,0.053,0.051,0.097,0,0.073,0.066,0.068,0,0.023,0,0.046,0.052,0.03,0,0,0.06,0.683,0.799,0.472,0.356,0.044,0.045,0.495,0.63,0,0.073,0.473,0.041,0,0,0,0.043,0.371
GO:0051171,0,0,0,0.281,0.221,0.627,0.291,0.47,0,0,0,0,0,0,0.338,0,0.256,0.24,0.788,0,0.259,0.83,0.786,0.586,0,0.867,0.39,0,0,0,0,0,0.819,0.787,0,0,0,0.628,0.413,0.201,0.282,0.306,0.298,0.285,0.316,0.32,0.254,0.234,0.363,0,0,0,0,0,0,0,0,0,0.5,0.472,0.932,0.74,0,0,0.858,0.457,0.328,0,0.828,0,0.412,0.324,0.255,0,0.557
GO:0051246,0,0,0,0.458,0.374,0.855,0.398,0.347,0,0,0,0,0,0,0.245,0,0.199,0.313,0.631,0,0.332,0.675,0.646,0.508,0,0.681,0.596,0,0,0,0,0,0.651,0.631,0,0,0,0.534,0.316,0.271,0.387,0.377,0.244,0.235,0.233,0.314,0.198,0.307,0.285,0,0,0,0,0,0,0,0,0,0.371,0.356,0.74,0.983,0,0,0.693,0.337,0.283,0,0.737,0,0.524,0.434,0.235,0,0.486
GO:0051301,0,0.03,0,0.032,0.027,0.028,0.033,0,0.037,0.035,0.021,0,0.029,0,0,0.026,0,0,0,0.055,0,0,0,0,0.04,0,0,0,0.033,0.029,0,0.036,0.037,0.036,0,0,0,0.028,0.043,0.034,0.032,0,0.034,0.033,0.047,0,0.04,0.038,0.039,0,0.607,0,0.03,0.033,0.022,0,0,0.036,0,0.044,0,0,0.991,0.03,0,0,0,0.04,0,0.028,0,0,0,0.029,0.028
GO:0051321,0.775,0.031,0.721,0.033,0.027,0.028,0.034,0,0.038,0.809,0.701,0.676,0.636,0.575,0,0.026,0,0,0,0.056,0,0,0,0,0.041,0,0,0.666,0.772,0.654,0.79,0.037,0.038,0.037,0,0,0.697,0.028,0.044,0.034,0.033,0,0.034,0.033,0.048,0,0.041,0.039,0.04,0.489,0.404,0.581,0.031,0.034,0.499,0.681,0,0.037,0,0.045,0,0,0.03,0.989,0,0,0,0.041,0,0.921,0,0,0,0.95,0.028
GO:0060255,0,0,0,0.319,0.249,0.584,0.236,0.329,0,0,0,0,0,0,0.358,0,0.268,0.414,0.818,0,0.447,0.885,0.837,0.618,0,0.903,0.449,0,0,0,0,0,0.852,0.817,0,0,0,0.57,0.288,0.343,0.229,0.533,0.205,0.196,0.333,0.338,0.265,0.403,0.251,0,0,0,0,0,0,0,0,0,0.527,0.495,0.858,0.693,0,0,0.917,0.482,0.41,0,0.861,0,0.339,0.264,0.315,0,0.586
GO:0065007,0,0,0,0,0,0.274,0,0,0,0,0,0,0,0,0,0,0,0,0.429,0,0,0.46,0.427,0.294,0,0.488,0,0,0,0,0,0,0.452,0.428,0,0,0,0.275,0,0,0,0,0,0,0,0,0,0,0,0,0,0,0,0,0,0,0,0,0.688,0.63,0.457,0.337,0,0,0.482,0.716,0,0,0.458,0,0,0,0,0,0.275
GO:0071704,0,0,0,0.291,0.214,0.229,0.304,0.52,0,0,0,0,0,0,0.595,0,0.381,0.409,0.307,0,0.457,0.39,0.362,0.246,0,0.352,0.459,0,0,0,0,0,0.325,0.307,0,0,0,0.194,0.424,0.319,0.291,0.593,0.266,0.251,0.529,0.543,0.377,0.395,0.349,0,0,0,0,0,0,0,0,0,0,0,0.328,0.283,0,0,0.41,0,0.668,0,0.329,0,0.499,0.351,0.448,0,0.23
GO:0071840,0,0.58,0,0.045,0.035,0.037,0.047,0,0.778,0.051,0.37,0,0.038,0,0,0.034,0,0,0,0.107,0,0,0,0,0.871,0,0,0,0.047,0.04,0,0.053,0.056,0.054,0,0,0,0.037,0.069,0.049,0.045,0,0.048,0.046,0.081,0,0.063,0.058,0.06,0,0.022,0,0.585,0.047,0.028,0,0,0.053,0,0.073,0,0,0.04,0.041,0,0,0,0.887,0,0.524,0,0,0,0.039,0.037
GO:0080090,0,0,0,0.25,0.196,0.624,0.194,0.314,0,0,0,0,0,0,0.339,0,0.257,0.241,0.79,0,0.259,0.832,0.788,0.588,0,0.869,0.347,0,0,0,0,0,0.822,0.79,0,0,0,0.557,0.276,0.201,0.188,0.307,0.199,0.19,0.317,0.428,0.255,0.235,0.242,0,0,0,0,0,0,0,0,0,0.502,0.473,0.828,0.737,0,0,0.861,0.458,0.329,0,0.931,0,0.275,0.216,0.256,0,0.558
GO:0140013,0.713,0.916,0.669,0.03,0.025,0.026,0.031,0,0.656,0.746,0.768,0.63,0.595,0.541,0,0.025,0,0,0,0.049,0,0,0,0,0.542,0,0,0.619,0.806,0.61,0.727,0.034,0.035,0.034,0,0,0.646,0.026,0.039,0.032,0.03,0,0.032,0.031,0.043,0,0.037,0.035,0.036,0.464,0.387,0.546,0.909,0.031,0.473,0.634,0,0.034,0,0.041,0,0,0.028,0.921,0,0,0,0.524,0,0.994,0,0,0,0.963,0.026
GO:1901564,0,0,0,0.536,0.409,0.435,0.558,0.596,0,0,0,0,0,0,0.438,0,0.31,0.339,0.259,0,0.371,0.326,0.306,0.218,0,0.29,0.788,0,0,0,0,0,0.272,0.259,0,0,0,0.261,0.508,0.274,0.538,0.456,0.344,0.328,0.401,0.41,0.307,0.329,0.434,0,0,0,0,0,0,0,0,0,0,0,0.412,0.524,0,0,0.339,0,0.499,0,0.275,0,0.842,0.631,0.365,0,0.206
GO:1901566,0,0,0,0.836,0.665,0.701,0.457,0.427,0,0,0,0,0,0,0.305,0,0.73,0.692,0.635,0,0.283,0.256,0.638,0.184,0,0.225,0.6,0,0,0,0,0,0.214,0.634,0,0,0,0.223,0.38,0.585,0.838,0.329,0.28,0.552,0.287,0.291,0.725,0.258,0.691,0,0,0,0,0,0,0,0,0,0,0,0.324,0.434,0,0,0.264,0,0.351,0,0.216,0,0.631,0.954,0.734,0,0.461
GO:1901576,0,0,0,0.629,0.486,0.515,0.249,0.359,0,0,0,0,0,0,0.393,0,0.882,0.827,0.747,0,0.342,0.304,0.751,0.208,0,0.27,0.344,0,0,0,0,0,0.253,0.747,0,0,0,0.166,0.31,0.679,0.631,0.414,0.216,0.635,0.363,0.369,0.875,0.306,0.826,0,0,0,0,0,0,0,0,0,0,0,0.255,0.235,0,0,0.315,0,0.448,0,0.256,0,0.365,0.734,0.887,0,0.517
GO:1903046,0.739,0.03,0.691,0.031,0.026,0.027,0.032,0,0.036,0.773,0.739,0.65,0.613,0.556,0,0.025,0,0,0,0.052,0,0,0,0,0.039,0,0,0.639,0.833,0.629,0.754,0.035,0.036,0.035,0,0,0.668,0.027,0.041,0.033,0.031,0,0.033,0.032,0.045,0,0.039,0.037,0.038,0.475,0.394,0.561,0.03,0.032,0.485,0.654,0,0.035,0,0.043,0,0,0.029,0.95,0,0,0,0.039,0,0.963,0,0,0,0.993,0.027
GO:2000112,0,0.028,0,0.736,0.616,0.993,0.198,0.189,0.034,0.032,0.02,0,0.027,0,0.198,0.024,0.514,0.587,0.678,0.049,0.278,0.573,0.681,0.448,0.037,0.575,0.278,0,0.031,0.027,0,0.033,0.636,0.679,0,0,0,0.482,0.251,0.774,0.424,0.309,0.201,0.428,0.273,0.192,0.522,0.615,0.505,0,0.017,0,0.029,0.031,0.021,0,0,0.033,0.304,0.371,0.557,0.486,0.028,0.028,0.586,0.275,0.23,0.037,0.558,0.026,0.206,0.461,0.517,0.027,0.995
